#
# TABLE STRUCTURE FOR: media
#

DROP TABLE IF EXISTS `media`;

CREATE TABLE `media` (
  `id` bigint(20) unsigned NOT NULL AUTO_INCREMENT,
  `media_type_id` bigint(20) unsigned DEFAULT NULL,
  `user_id` bigint(20) unsigned NOT NULL,
  `body` text COLLATE utf8mb4_unicode_ci DEFAULT NULL,
  `filename` varchar(255) COLLATE utf8mb4_unicode_ci DEFAULT NULL,
  `size` int(11) DEFAULT NULL,
  `metadata` longtext CHARACTER SET utf8mb4 COLLATE utf8mb4_bin DEFAULT NULL CHECK (json_valid(`metadata`)),
  `created_at` datetime DEFAULT current_timestamp(),
  `updated_at` datetime DEFAULT current_timestamp() ON UPDATE current_timestamp(),
  PRIMARY KEY (`id`),
  KEY `user_id` (`user_id`),
  KEY `media_type_id` (`media_type_id`),
  CONSTRAINT `media_ibfk_1` FOREIGN KEY (`user_id`) REFERENCES `users` (`id`) ON DELETE CASCADE ON UPDATE CASCADE,
  CONSTRAINT `media_ibfk_2` FOREIGN KEY (`media_type_id`) REFERENCES `media_types` (`id`) ON DELETE SET NULL ON UPDATE CASCADE
) ENGINE=InnoDB AUTO_INCREMENT=101 DEFAULT CHARSET=utf8mb4 COLLATE=utf8mb4_unicode_ci;

INSERT INTO `media` (`id`, `media_type_id`, `user_id`, `body`, `filename`, `size`, `metadata`, `created_at`, `updated_at`) VALUES ('1', '4', '39', 'Qui nihil ut incidunt exercitationem. Aut rerum voluptas aut aspernatur quia recusandae ad. Autem eaque voluptatem modi iure voluptatum sint.', 'deleniti', 1012, NULL, '1983-03-01 13:34:45', '1989-04-02 23:00:09');
INSERT INTO `media` (`id`, `media_type_id`, `user_id`, `body`, `filename`, `size`, `metadata`, `created_at`, `updated_at`) VALUES ('2', '10', '20', 'Laborum hic qui quia qui vero. Quas consequatur explicabo laborum eos aut provident voluptatibus. Minima necessitatibus at voluptatibus ea voluptas.', 'libero', 1748, NULL, '2020-09-18 15:37:10', '2013-03-13 00:35:36');
INSERT INTO `media` (`id`, `media_type_id`, `user_id`, `body`, `filename`, `size`, `metadata`, `created_at`, `updated_at`) VALUES ('3', '10', '65', 'Velit ab distinctio rerum quidem fuga aliquam. Repellat dignissimos quia modi ullam sed maxime qui. Amet nesciunt autem voluptates dolores. Rem eos qui accusantium incidunt voluptate rerum.', 'occaecati', 7463, NULL, '1977-09-25 02:07:32', '2010-03-18 01:22:57');
INSERT INTO `media` (`id`, `media_type_id`, `user_id`, `body`, `filename`, `size`, `metadata`, `created_at`, `updated_at`) VALUES ('4', '9', '63', 'Nostrum hic dolorem consequatur fugit fuga ea. Praesentium autem provident ratione officia ad molestias.', 'fugit', 6481672, NULL, '1996-06-07 10:43:19', '1976-09-29 07:04:18');
INSERT INTO `media` (`id`, `media_type_id`, `user_id`, `body`, `filename`, `size`, `metadata`, `created_at`, `updated_at`) VALUES ('5', '6', '24', 'Beatae similique modi unde sed sint. Nostrum dolores nesciunt beatae praesentium optio perspiciatis. Qui in adipisci quia rerum illo blanditiis perspiciatis harum.', 'similique', 47, NULL, '2018-10-10 05:44:19', '2022-11-28 05:53:16');
INSERT INTO `media` (`id`, `media_type_id`, `user_id`, `body`, `filename`, `size`, `metadata`, `created_at`, `updated_at`) VALUES ('6', '1', '2', 'Quis autem cumque veniam voluptas sit. Sit vitae assumenda pariatur aut. Doloribus maxime repellat ipsa aut rerum impedit. Rerum facere eos minus.', 'nesciunt', 0, NULL, '1970-08-12 11:27:33', '2022-10-30 21:51:35');
INSERT INTO `media` (`id`, `media_type_id`, `user_id`, `body`, `filename`, `size`, `metadata`, `created_at`, `updated_at`) VALUES ('7', '10', '21', 'Assumenda tempora dolor voluptate omnis. Consequatur accusantium nemo ratione provident maxime. Dicta quam quidem natus a aut. Numquam laboriosam laboriosam dolores ipsam suscipit magni.', 'ipsum', 3817324, NULL, '2014-08-06 07:02:26', '2016-12-02 03:51:45');
INSERT INTO `media` (`id`, `media_type_id`, `user_id`, `body`, `filename`, `size`, `metadata`, `created_at`, `updated_at`) VALUES ('8', '3', '16', 'Debitis dolor vel laudantium sunt ipsam cum. Qui in rem et facere iste rerum quo soluta. Eum natus reiciendis et. Cupiditate inventore libero ut et possimus commodi ipsa.', 'sed', 15041832, NULL, '1980-12-27 11:28:04', '1988-03-27 05:46:30');
INSERT INTO `media` (`id`, `media_type_id`, `user_id`, `body`, `filename`, `size`, `metadata`, `created_at`, `updated_at`) VALUES ('9', '10', '12', 'Voluptatum sed deleniti vel amet architecto deserunt enim. Hic optio tempore fugit quia repudiandae dolorem occaecati. Quos dolorem amet aut laborum voluptate ut. In quia est qui laboriosam qui voluptas porro.', 'repellendus', 411, NULL, '1983-06-10 17:27:55', '2019-08-18 03:27:10');
INSERT INTO `media` (`id`, `media_type_id`, `user_id`, `body`, `filename`, `size`, `metadata`, `created_at`, `updated_at`) VALUES ('10', '4', '77', 'Aut ex cumque porro quae. Sunt placeat tempora modi sapiente est. Est perspiciatis eum deserunt natus dolore. Modi officiis consequuntur eligendi dolore. Blanditiis labore et est sit.', 'eveniet', 80, NULL, '2018-07-12 20:44:41', '2020-06-28 02:26:21');
INSERT INTO `media` (`id`, `media_type_id`, `user_id`, `body`, `filename`, `size`, `metadata`, `created_at`, `updated_at`) VALUES ('11', '3', '93', 'Assumenda ex ut animi sunt perspiciatis minus voluptatem occaecati. Dolor non eligendi enim necessitatibus nemo rerum reprehenderit. Debitis quis quos laborum rerum aut beatae. Inventore eius sit inventore illum.', 'sit', 0, NULL, '2016-02-03 11:38:22', '1978-10-02 23:53:18');
INSERT INTO `media` (`id`, `media_type_id`, `user_id`, `body`, `filename`, `size`, `metadata`, `created_at`, `updated_at`) VALUES ('12', '8', '88', 'Eum voluptatum accusantium similique. Necessitatibus officia aliquid aut et modi totam id. Eum dolorem fugiat nam consequatur modi exercitationem. Maxime eius neque consequatur voluptatem.', 'qui', 86, NULL, '1990-08-07 01:46:05', '1978-08-20 19:34:37');
INSERT INTO `media` (`id`, `media_type_id`, `user_id`, `body`, `filename`, `size`, `metadata`, `created_at`, `updated_at`) VALUES ('13', '6', '92', 'Doloremque molestiae amet nulla provident tenetur. Laudantium repellendus soluta enim velit. Aut nostrum velit et consectetur eum cupiditate delectus.', 'corporis', 907463155, NULL, '2002-08-19 12:18:39', '1978-10-15 11:12:39');
INSERT INTO `media` (`id`, `media_type_id`, `user_id`, `body`, `filename`, `size`, `metadata`, `created_at`, `updated_at`) VALUES ('14', '8', '18', 'Hic fuga est ut explicabo et enim. Autem eaque tenetur tenetur libero saepe suscipit placeat. Quos quis asperiores vel eos. Voluptas perferendis sapiente qui doloribus aut sed. Aut dignissimos nisi unde perferendis ea.', 'id', 9344756, NULL, '2006-02-18 19:40:34', '2006-02-05 19:51:45');
INSERT INTO `media` (`id`, `media_type_id`, `user_id`, `body`, `filename`, `size`, `metadata`, `created_at`, `updated_at`) VALUES ('15', '7', '33', 'Minus molestiae officia harum error ut sunt et. Rerum maxime et voluptas et deserunt perspiciatis. Magnam optio aperiam omnis laborum praesentium debitis. Et aut alias distinctio facilis sapiente et molestiae unde. Enim cumque ab est molestias ad enim.', 'aperiam', 766828, NULL, '2001-11-06 04:04:14', '2021-09-04 19:17:17');
INSERT INTO `media` (`id`, `media_type_id`, `user_id`, `body`, `filename`, `size`, `metadata`, `created_at`, `updated_at`) VALUES ('16', '9', '56', 'Fugiat officiis dolores assumenda nam. Sunt possimus necessitatibus qui at reiciendis. Qui voluptas est commodi sed excepturi. Alias tempora veritatis voluptas corporis debitis. Eius perspiciatis nemo velit voluptatem quam.', 'quas', 0, NULL, '1987-08-02 03:20:01', '1988-03-20 07:15:47');
INSERT INTO `media` (`id`, `media_type_id`, `user_id`, `body`, `filename`, `size`, `metadata`, `created_at`, `updated_at`) VALUES ('17', '9', '12', 'Est corrupti odit et eos. Voluptatem quo laborum voluptatem voluptas ea.', 'sit', 0, NULL, '1998-03-13 23:22:52', '1995-12-29 02:41:28');
INSERT INTO `media` (`id`, `media_type_id`, `user_id`, `body`, `filename`, `size`, `metadata`, `created_at`, `updated_at`) VALUES ('18', '5', '32', 'Aut sint et reprehenderit nemo qui necessitatibus. Nobis qui cumque repellat quibusdam. Cumque expedita exercitationem tempore nihil accusamus neque.', 'dolor', 660, NULL, '1999-06-17 10:51:57', '1983-08-24 06:27:12');
INSERT INTO `media` (`id`, `media_type_id`, `user_id`, `body`, `filename`, `size`, `metadata`, `created_at`, `updated_at`) VALUES ('19', '1', '64', 'Aut ut fugit voluptatem quaerat culpa necessitatibus dolore. Quia similique molestiae natus et at. Id et ab omnis vel. Ut illo rerum neque et.', 'excepturi', 795428509, NULL, '1973-11-24 11:39:43', '1986-07-19 16:07:41');
INSERT INTO `media` (`id`, `media_type_id`, `user_id`, `body`, `filename`, `size`, `metadata`, `created_at`, `updated_at`) VALUES ('20', '10', '11', 'Error cum rem est pariatur pariatur autem. Cumque enim sit dignissimos suscipit. Quisquam voluptas iste similique eveniet rerum. Temporibus ipsam quam atque sint aliquid ut.', 'ut', 986575, NULL, '1993-06-22 11:10:30', '2005-08-27 17:52:06');
INSERT INTO `media` (`id`, `media_type_id`, `user_id`, `body`, `filename`, `size`, `metadata`, `created_at`, `updated_at`) VALUES ('21', '4', '85', 'Dolore voluptatum impedit qui est in aliquid. Fugiat iusto est eum fuga error accusantium. Sit at omnis quia ea omnis minus dicta.', 'enim', 9, NULL, '2002-11-19 18:50:15', '1981-01-10 04:55:00');
INSERT INTO `media` (`id`, `media_type_id`, `user_id`, `body`, `filename`, `size`, `metadata`, `created_at`, `updated_at`) VALUES ('22', '7', '17', 'Suscipit distinctio doloribus praesentium beatae. Suscipit ullam corrupti qui iste impedit sunt aut culpa. Eligendi quia earum voluptatem.', 'suscipit', 94026885, NULL, '1976-03-30 05:56:36', '1989-04-05 22:35:16');
INSERT INTO `media` (`id`, `media_type_id`, `user_id`, `body`, `filename`, `size`, `metadata`, `created_at`, `updated_at`) VALUES ('23', '8', '21', 'Aut libero debitis hic. Quisquam sequi labore occaecati quasi rerum. Pariatur quaerat voluptas ut asperiores doloremque corrupti. Vel voluptate neque magni qui quo laboriosam.', 'minima', 40917, NULL, '2006-03-16 22:36:42', '1979-03-20 10:47:53');
INSERT INTO `media` (`id`, `media_type_id`, `user_id`, `body`, `filename`, `size`, `metadata`, `created_at`, `updated_at`) VALUES ('24', '1', '12', 'Non est omnis nesciunt accusamus qui tempore. Iusto veniam cum sunt modi accusamus voluptatem dolorem. Omnis ut perferendis non iste tenetur praesentium sapiente voluptas.', 'consequatur', 101891, NULL, '1982-09-28 01:16:17', '2014-05-06 13:37:48');
INSERT INTO `media` (`id`, `media_type_id`, `user_id`, `body`, `filename`, `size`, `metadata`, `created_at`, `updated_at`) VALUES ('25', '2', '15', 'Repellendus cum et autem nostrum itaque. Vitae quia molestiae suscipit quam. Odit natus ipsum quam ut.', 'porro', 719557, NULL, '1976-09-30 01:20:24', '2015-08-24 13:37:34');
INSERT INTO `media` (`id`, `media_type_id`, `user_id`, `body`, `filename`, `size`, `metadata`, `created_at`, `updated_at`) VALUES ('26', '4', '83', 'Et qui sed molestiae quo recusandae. Eum quia quasi sit quia quisquam. Qui error voluptatem ratione ratione soluta dignissimos. Est ab nobis ullam temporibus.', 'blanditiis', 106304, NULL, '1978-07-01 17:41:05', '2015-07-27 06:05:23');
INSERT INTO `media` (`id`, `media_type_id`, `user_id`, `body`, `filename`, `size`, `metadata`, `created_at`, `updated_at`) VALUES ('27', '2', '61', 'Odit ut laboriosam voluptas eveniet corrupti. Reprehenderit repudiandae excepturi dolores et quam. Similique in at qui in facilis dolorem.', 'nam', 2, NULL, '2011-08-16 17:29:11', '2006-11-13 02:39:40');
INSERT INTO `media` (`id`, `media_type_id`, `user_id`, `body`, `filename`, `size`, `metadata`, `created_at`, `updated_at`) VALUES ('28', '8', '12', 'Sint repellat vero sed earum pariatur provident numquam. Enim molestiae autem dolores nemo. Aliquam adipisci ut iusto aliquid dolores.', 'autem', 835853899, NULL, '2005-10-06 23:31:52', '1977-04-26 16:50:02');
INSERT INTO `media` (`id`, `media_type_id`, `user_id`, `body`, `filename`, `size`, `metadata`, `created_at`, `updated_at`) VALUES ('29', '6', '25', 'Recusandae et consequatur quis earum. Sint accusantium in eos voluptate quo quis. Qui beatae soluta est sit.', 'deserunt', 92786179, NULL, '2008-06-03 07:27:22', '2003-10-12 04:47:59');
INSERT INTO `media` (`id`, `media_type_id`, `user_id`, `body`, `filename`, `size`, `metadata`, `created_at`, `updated_at`) VALUES ('30', '3', '57', 'Qui aut deserunt sit reprehenderit. Corrupti ut nemo repellat sint.', 'vel', 44402, NULL, '1980-12-29 12:39:45', '1993-02-02 13:11:05');
INSERT INTO `media` (`id`, `media_type_id`, `user_id`, `body`, `filename`, `size`, `metadata`, `created_at`, `updated_at`) VALUES ('31', '6', '65', 'In suscipit sit earum quas quibusdam eveniet. Beatae voluptate asperiores praesentium aut vero. Id magnam libero culpa dignissimos perferendis qui sit. Architecto molestias sed earum cumque quas velit at sit. Expedita vero debitis vitae facilis voluptatem.', 'quae', 944785483, NULL, '1990-01-07 17:33:18', '2012-06-06 20:05:15');
INSERT INTO `media` (`id`, `media_type_id`, `user_id`, `body`, `filename`, `size`, `metadata`, `created_at`, `updated_at`) VALUES ('32', '3', '4', 'Quia harum at nemo soluta possimus. Sunt omnis occaecati neque velit. Exercitationem distinctio ipsam ipsam similique facilis. Consequatur totam explicabo laudantium quia amet. Est rerum autem fugiat et repellat sapiente.', 'enim', 375, NULL, '2011-10-08 19:07:13', '2001-11-20 13:27:49');
INSERT INTO `media` (`id`, `media_type_id`, `user_id`, `body`, `filename`, `size`, `metadata`, `created_at`, `updated_at`) VALUES ('33', '3', '1', 'Laboriosam reprehenderit maxime dolorem expedita dolorem recusandae. Modi qui exercitationem possimus animi. Laborum dignissimos ut modi possimus repellendus repellendus. Earum quia commodi iusto atque iure.', 'modi', 198634018, NULL, '2008-04-28 06:09:17', '2002-09-30 11:18:38');
INSERT INTO `media` (`id`, `media_type_id`, `user_id`, `body`, `filename`, `size`, `metadata`, `created_at`, `updated_at`) VALUES ('34', '9', '49', 'Facere eaque eum iste odit qui magnam esse. Ea commodi in exercitationem dolorem. Consectetur blanditiis aut assumenda rem. Ut unde aliquid qui consequuntur accusantium nulla. Qui atque et rerum et.', 'ipsum', 96, NULL, '1994-07-23 10:53:38', '2018-12-26 17:32:25');
INSERT INTO `media` (`id`, `media_type_id`, `user_id`, `body`, `filename`, `size`, `metadata`, `created_at`, `updated_at`) VALUES ('35', '9', '35', 'Ad quos consectetur sint ea beatae. Commodi accusantium repellendus molestiae sed expedita vitae. Et unde est laboriosam repellat. Ut dolor aut laudantium dolor laudantium qui.', 'incidunt', 642697, NULL, '2023-01-08 00:01:21', '1977-03-17 15:56:54');
INSERT INTO `media` (`id`, `media_type_id`, `user_id`, `body`, `filename`, `size`, `metadata`, `created_at`, `updated_at`) VALUES ('36', '5', '49', 'Eligendi sunt repudiandae non tenetur corrupti soluta dicta. Quis totam aut totam consequatur. Explicabo numquam dolor cupiditate accusantium doloremque in sit. Quia aut non reiciendis ullam odio velit.', 'sed', 8049931, NULL, '1971-11-21 09:36:18', '2019-03-31 14:22:30');
INSERT INTO `media` (`id`, `media_type_id`, `user_id`, `body`, `filename`, `size`, `metadata`, `created_at`, `updated_at`) VALUES ('37', '5', '81', 'Nihil et rerum non exercitationem. Ea maxime aliquid eveniet.', 'voluptatem', 95827433, NULL, '1983-03-27 12:34:50', '2000-01-02 06:14:35');
INSERT INTO `media` (`id`, `media_type_id`, `user_id`, `body`, `filename`, `size`, `metadata`, `created_at`, `updated_at`) VALUES ('38', '8', '50', 'Et in qui possimus sed. Molestiae veniam impedit molestiae et voluptatem autem est saepe. Fugiat illo odio tempora non ut voluptatem at. Fugiat culpa soluta dolorem sunt cum fuga voluptas.', 'aut', 37, NULL, '2022-06-03 19:16:48', '1985-05-01 16:25:27');
INSERT INTO `media` (`id`, `media_type_id`, `user_id`, `body`, `filename`, `size`, `metadata`, `created_at`, `updated_at`) VALUES ('39', '6', '40', 'Dicta aspernatur eligendi provident consequatur vero nesciunt deleniti. Aliquam molestiae deleniti quod quam perspiciatis suscipit. Minima laboriosam sunt voluptate sequi sint ipsa. Esse doloremque et explicabo quo quisquam fuga sint sit.', 'qui', 96176198, NULL, '1982-10-02 14:10:35', '2009-10-12 21:48:11');
INSERT INTO `media` (`id`, `media_type_id`, `user_id`, `body`, `filename`, `size`, `metadata`, `created_at`, `updated_at`) VALUES ('40', '4', '50', 'At soluta aut doloribus aperiam eos rem vel. Voluptatum natus fuga fuga non dolorem illum non. Deserunt totam culpa repellat ad et.', 'amet', 98427, NULL, '1982-05-25 03:45:46', '2014-10-24 16:54:06');
INSERT INTO `media` (`id`, `media_type_id`, `user_id`, `body`, `filename`, `size`, `metadata`, `created_at`, `updated_at`) VALUES ('41', '5', '37', 'Dignissimos ullam nesciunt iste at. Saepe et quis quaerat error. Voluptate veniam ut molestiae sint ut et aut harum.', 'aliquam', 0, NULL, '1974-02-04 03:09:31', '2021-03-05 05:06:32');
INSERT INTO `media` (`id`, `media_type_id`, `user_id`, `body`, `filename`, `size`, `metadata`, `created_at`, `updated_at`) VALUES ('42', '2', '6', 'Voluptatem et adipisci ipsam quisquam impedit rerum. Dolore officia dolores enim nisi. Iusto minima facere numquam omnis quam. Ut fuga aut molestias tenetur.', 'cumque', 0, NULL, '2021-06-02 11:11:38', '1988-05-20 13:20:15');
INSERT INTO `media` (`id`, `media_type_id`, `user_id`, `body`, `filename`, `size`, `metadata`, `created_at`, `updated_at`) VALUES ('43', '6', '88', 'Incidunt veritatis possimus unde voluptatem saepe qui. Ut sit sed esse aut fuga sequi. Error aut est commodi vero. Non odit aut ut dignissimos possimus voluptate officiis. Dicta sunt et autem doloremque eos.', 'in', 550522, NULL, '2008-05-04 11:26:02', '1986-04-22 12:12:43');
INSERT INTO `media` (`id`, `media_type_id`, `user_id`, `body`, `filename`, `size`, `metadata`, `created_at`, `updated_at`) VALUES ('44', '1', '95', 'Molestiae placeat amet maxime qui consequuntur voluptatem. Sed sint et distinctio aut tempore esse soluta et. Praesentium dolores tempora nulla provident.', 'facere', 53, NULL, '2008-02-12 14:47:10', '2000-10-22 18:24:49');
INSERT INTO `media` (`id`, `media_type_id`, `user_id`, `body`, `filename`, `size`, `metadata`, `created_at`, `updated_at`) VALUES ('45', '5', '41', 'In voluptas velit eius ipsam. Aliquid quisquam qui consequatur consequuntur incidunt velit neque. Placeat qui rerum itaque illo vitae.', 'voluptas', 352812, NULL, '2008-03-04 15:19:54', '2012-08-07 09:59:59');
INSERT INTO `media` (`id`, `media_type_id`, `user_id`, `body`, `filename`, `size`, `metadata`, `created_at`, `updated_at`) VALUES ('46', '9', '51', 'Enim quisquam modi occaecati iure nemo repudiandae eligendi. Qui quo voluptatem id tempora in aut. Et deleniti a ut aut.', 'ipsum', 98417, NULL, '2012-12-02 06:44:31', '2020-02-04 15:53:35');
INSERT INTO `media` (`id`, `media_type_id`, `user_id`, `body`, `filename`, `size`, `metadata`, `created_at`, `updated_at`) VALUES ('47', '10', '99', 'Velit et totam nihil nihil incidunt iste excepturi nisi. Recusandae ea officia expedita culpa. Laborum ut porro explicabo voluptate non. Ipsam aut quam voluptas debitis veniam veritatis.', 'impedit', 77853793, NULL, '1988-08-09 16:54:35', '1987-05-22 04:09:31');
INSERT INTO `media` (`id`, `media_type_id`, `user_id`, `body`, `filename`, `size`, `metadata`, `created_at`, `updated_at`) VALUES ('48', '2', '33', 'Quia odio dicta molestiae doloribus ipsum nobis ad et. Id et est earum reprehenderit ea labore quia. Cupiditate hic et enim eum.', 'fugiat', 296, NULL, '2022-11-28 12:54:44', '1991-10-20 21:15:48');
INSERT INTO `media` (`id`, `media_type_id`, `user_id`, `body`, `filename`, `size`, `metadata`, `created_at`, `updated_at`) VALUES ('49', '4', '36', 'Ex ipsa deserunt laborum et eaque. Illo et quia est voluptatum distinctio. Est provident nam similique est vel doloremque omnis. Provident iusto dolorem expedita repellat aut vel tempora. Animi nisi et accusamus beatae vel maiores.', 'sequi', 269933, NULL, '1989-05-06 11:44:19', '2010-06-25 01:14:18');
INSERT INTO `media` (`id`, `media_type_id`, `user_id`, `body`, `filename`, `size`, `metadata`, `created_at`, `updated_at`) VALUES ('50', '2', '50', 'Sint facilis ab neque omnis. Libero est id quia unde sit.', 'voluptatem', 235, NULL, '2001-03-15 07:02:04', '1984-08-29 05:43:03');
INSERT INTO `media` (`id`, `media_type_id`, `user_id`, `body`, `filename`, `size`, `metadata`, `created_at`, `updated_at`) VALUES ('51', '10', '56', 'Dolorem deserunt cupiditate omnis natus. Rerum illum ab et rerum eligendi.', 'quis', 0, NULL, '1983-06-16 18:44:04', '1976-03-14 20:13:51');
INSERT INTO `media` (`id`, `media_type_id`, `user_id`, `body`, `filename`, `size`, `metadata`, `created_at`, `updated_at`) VALUES ('52', '8', '98', 'Et adipisci quia occaecati et delectus aut ducimus. Eos et et eveniet quo dolor aut sint sunt.', 'dolores', 25, NULL, '1991-01-06 06:08:10', '2015-06-17 14:55:49');
INSERT INTO `media` (`id`, `media_type_id`, `user_id`, `body`, `filename`, `size`, `metadata`, `created_at`, `updated_at`) VALUES ('53', '6', '10', 'Provident eaque qui ratione rem et earum porro. Cum error cum enim ut reprehenderit autem. Reprehenderit possimus architecto tempora officiis rerum et. Accusamus quaerat et est qui.', 'dolores', 771, NULL, '2012-11-06 20:47:03', '2022-12-17 04:10:51');
INSERT INTO `media` (`id`, `media_type_id`, `user_id`, `body`, `filename`, `size`, `metadata`, `created_at`, `updated_at`) VALUES ('54', '2', '32', 'Repudiandae harum et et eaque ut nihil sed. Ea nobis ut saepe nam quod quam. Molestias tempora nostrum dolorum amet saepe. Aliquam qui molestias aspernatur aut placeat.', 'aut', 7649782, NULL, '1999-11-27 10:26:43', '2020-11-16 10:56:57');
INSERT INTO `media` (`id`, `media_type_id`, `user_id`, `body`, `filename`, `size`, `metadata`, `created_at`, `updated_at`) VALUES ('55', '2', '64', 'Officia aut nostrum impedit sit nostrum est. Dolores eum adipisci quo neque. Sit magnam tenetur assumenda aut accusantium quia exercitationem. Dicta reprehenderit provident laborum.', 'autem', 476478, NULL, '1992-06-17 04:11:26', '1975-06-28 23:10:46');
INSERT INTO `media` (`id`, `media_type_id`, `user_id`, `body`, `filename`, `size`, `metadata`, `created_at`, `updated_at`) VALUES ('56', '7', '8', 'Rerum sed dolores fugit asperiores et eos. Molestiae officiis esse aliquid. Distinctio voluptatem sed tenetur sint omnis voluptatem qui. Praesentium voluptatum provident enim.', 'quas', 1, NULL, '2017-01-24 08:37:30', '1997-01-03 17:38:04');
INSERT INTO `media` (`id`, `media_type_id`, `user_id`, `body`, `filename`, `size`, `metadata`, `created_at`, `updated_at`) VALUES ('57', '2', '52', 'Molestiae facilis sit quo temporibus accusamus officia et. Ipsam necessitatibus ipsum incidunt autem eaque ut. Quo quas quasi ut unde sint repellendus eius.', 'doloremque', 3, NULL, '1981-03-13 01:10:36', '1977-07-25 11:31:42');
INSERT INTO `media` (`id`, `media_type_id`, `user_id`, `body`, `filename`, `size`, `metadata`, `created_at`, `updated_at`) VALUES ('58', '1', '56', 'Non tempora sed pariatur est rerum ipsam dicta. Illo maiores quia labore blanditiis nesciunt voluptas sed. Minus iure quia quos.', 'ipsa', 77410960, NULL, '1981-05-09 02:34:08', '1977-06-19 06:40:44');
INSERT INTO `media` (`id`, `media_type_id`, `user_id`, `body`, `filename`, `size`, `metadata`, `created_at`, `updated_at`) VALUES ('59', '5', '75', 'Officiis quis esse hic nulla qui. Ullam nostrum qui quibusdam vitae ea est maxime. Necessitatibus maiores ex est aut accusamus deleniti dolorem. Error est quo cumque.', 'ipsa', 15670, NULL, '1997-05-08 19:59:24', '1998-10-03 14:30:37');
INSERT INTO `media` (`id`, `media_type_id`, `user_id`, `body`, `filename`, `size`, `metadata`, `created_at`, `updated_at`) VALUES ('60', '2', '96', 'Ea nostrum magni odio enim sed laboriosam. Ea perspiciatis officia et nam. Necessitatibus excepturi magni aut.', 'reiciendis', 2211, NULL, '2009-02-22 02:58:06', '1988-02-08 12:18:28');
INSERT INTO `media` (`id`, `media_type_id`, `user_id`, `body`, `filename`, `size`, `metadata`, `created_at`, `updated_at`) VALUES ('61', '6', '71', 'Cupiditate placeat et et aut. Iste vel incidunt dolorem possimus quas ipsam qui. Modi sint delectus ullam pariatur laboriosam reiciendis sapiente sint.', 'ut', 447501148, NULL, '1984-10-02 11:20:06', '2009-04-30 13:17:40');
INSERT INTO `media` (`id`, `media_type_id`, `user_id`, `body`, `filename`, `size`, `metadata`, `created_at`, `updated_at`) VALUES ('62', '6', '69', 'Eum voluptas ut ex et velit voluptate. Ea maxime et qui corporis ut quae amet. Voluptate pariatur doloribus error porro eos vel. Nobis aut et itaque deleniti tempora molestias.', 'eaque', 48471924, NULL, '1990-10-16 23:36:10', '2011-07-01 17:36:07');
INSERT INTO `media` (`id`, `media_type_id`, `user_id`, `body`, `filename`, `size`, `metadata`, `created_at`, `updated_at`) VALUES ('63', '3', '67', 'Assumenda qui et minus quas enim distinctio excepturi. Possimus eum delectus odio enim alias consequatur quos quia. Sed optio quis repudiandae velit. A molestiae occaecati iste quisquam nihil.', 'id', 360955829, NULL, '1988-09-15 03:03:42', '1999-12-15 02:00:50');
INSERT INTO `media` (`id`, `media_type_id`, `user_id`, `body`, `filename`, `size`, `metadata`, `created_at`, `updated_at`) VALUES ('64', '4', '81', 'Quia et assumenda iste velit similique. Necessitatibus suscipit quia sint. Non voluptas autem id. Aperiam eveniet repellendus et ut ipsam nihil et.', 'vero', 0, NULL, '1982-03-23 23:56:09', '2020-10-29 11:27:28');
INSERT INTO `media` (`id`, `media_type_id`, `user_id`, `body`, `filename`, `size`, `metadata`, `created_at`, `updated_at`) VALUES ('65', '4', '89', 'Veniam odit maxime deserunt et maiores. Eum porro et ipsa. Et ut quis non distinctio sit.', 'ad', 84385, NULL, '2003-03-26 02:34:40', '2006-09-26 21:16:39');
INSERT INTO `media` (`id`, `media_type_id`, `user_id`, `body`, `filename`, `size`, `metadata`, `created_at`, `updated_at`) VALUES ('66', '5', '93', 'Culpa dicta enim harum quae culpa vero. Vitae autem ea rerum sint voluptatem sunt maxime. Ipsam aut non corporis et.', 'soluta', 967, NULL, '1991-08-10 16:44:32', '2020-01-25 18:25:57');
INSERT INTO `media` (`id`, `media_type_id`, `user_id`, `body`, `filename`, `size`, `metadata`, `created_at`, `updated_at`) VALUES ('67', '2', '59', 'Itaque expedita natus necessitatibus vitae quia at nobis. Et consequatur quod et officia quidem corrupti. Culpa magnam consequuntur sit nisi nam.', 'vitae', 16, NULL, '2019-12-03 21:35:41', '2013-11-06 23:44:57');
INSERT INTO `media` (`id`, `media_type_id`, `user_id`, `body`, `filename`, `size`, `metadata`, `created_at`, `updated_at`) VALUES ('68', '8', '69', 'Recusandae et maxime consequatur sapiente sed incidunt magni. Quibusdam nemo non tempore non. Fugit laboriosam quia et dicta nihil rerum et. Eos autem neque omnis reiciendis fugiat laboriosam. Voluptatem iusto nihil aut labore maxime sed dignissimos est.', 'qui', 737, NULL, '2002-11-05 16:27:12', '1975-03-17 10:30:41');
INSERT INTO `media` (`id`, `media_type_id`, `user_id`, `body`, `filename`, `size`, `metadata`, `created_at`, `updated_at`) VALUES ('69', '6', '35', 'Illum reiciendis pariatur quisquam perferendis laboriosam tenetur. Maiores magnam aut maxime. Repellendus voluptas molestias omnis consectetur non ad. Ut eligendi eveniet dolorem.', 'qui', 9, NULL, '2017-01-15 14:18:28', '1991-10-18 11:37:33');
INSERT INTO `media` (`id`, `media_type_id`, `user_id`, `body`, `filename`, `size`, `metadata`, `created_at`, `updated_at`) VALUES ('70', '3', '34', 'Ut hic cum sunt iure nostrum aut mollitia. Perferendis eaque molestiae adipisci magni accusamus rerum. Velit placeat vitae ut ab repellat et quae nam. Et inventore eius aperiam doloribus voluptas expedita.', 'quia', 90199648, NULL, '1994-11-30 02:41:20', '1983-04-28 19:06:02');
INSERT INTO `media` (`id`, `media_type_id`, `user_id`, `body`, `filename`, `size`, `metadata`, `created_at`, `updated_at`) VALUES ('71', '3', '16', 'Voluptas doloremque ut non et fugit nam et labore. Quam hic tenetur reiciendis voluptatem. Ut qui rem illo et excepturi quia.', 'aut', 0, NULL, '2020-04-17 13:11:26', '2004-04-23 13:03:38');
INSERT INTO `media` (`id`, `media_type_id`, `user_id`, `body`, `filename`, `size`, `metadata`, `created_at`, `updated_at`) VALUES ('72', '8', '27', 'Error porro dolorem enim magni. Aut ab necessitatibus labore eum corrupti. Nemo nihil voluptatem qui nemo error id. Voluptatem unde necessitatibus vel veritatis veritatis omnis.', 'sint', 0, NULL, '2002-11-19 23:56:06', '2012-12-03 07:05:17');
INSERT INTO `media` (`id`, `media_type_id`, `user_id`, `body`, `filename`, `size`, `metadata`, `created_at`, `updated_at`) VALUES ('73', '5', '3', 'Et qui est sed soluta aut est. Est quaerat iste et aut. Et non aut a tempora perferendis voluptas. Sit voluptate accusamus ullam hic laborum consectetur rerum non.', 'dolores', 5, NULL, '2001-11-26 03:06:25', '1976-01-01 20:22:40');
INSERT INTO `media` (`id`, `media_type_id`, `user_id`, `body`, `filename`, `size`, `metadata`, `created_at`, `updated_at`) VALUES ('74', '6', '26', 'Quia non dolore illo. Ab animi quod ut dolore. Sint sint nisi quas sit corrupti aut ut.', 'eaque', 270702779, NULL, '2023-01-06 23:35:32', '2005-04-09 05:57:50');
INSERT INTO `media` (`id`, `media_type_id`, `user_id`, `body`, `filename`, `size`, `metadata`, `created_at`, `updated_at`) VALUES ('75', '6', '42', 'Dolorem aut et aut quia dolorem beatae. Consequatur sed consequatur nulla architecto rem et. Non sunt nam illum omnis nostrum laudantium. Aut occaecati quod excepturi doloribus rerum.', 'quas', 95, NULL, '1999-09-30 17:51:25', '1999-11-12 17:53:34');
INSERT INTO `media` (`id`, `media_type_id`, `user_id`, `body`, `filename`, `size`, `metadata`, `created_at`, `updated_at`) VALUES ('76', '2', '4', 'Asperiores placeat nostrum consectetur facilis tempore quo provident. Soluta pariatur qui enim. Ipsa quia ipsum aut cupiditate quia assumenda laboriosam. Sit doloremque inventore vitae eum eos aliquid unde optio.', 'dignissimos', 88872756, NULL, '2017-11-25 21:19:58', '2011-05-17 16:22:32');
INSERT INTO `media` (`id`, `media_type_id`, `user_id`, `body`, `filename`, `size`, `metadata`, `created_at`, `updated_at`) VALUES ('77', '7', '30', 'Eius sit est dolore dignissimos ad ut voluptate similique. Nulla ad animi soluta possimus autem sunt aut. Libero voluptates nesciunt quaerat porro architecto laudantium dicta. Blanditiis aut aut architecto et voluptas. Explicabo voluptate minus molestiae vero voluptates sint.', 'a', 575, NULL, '1992-06-11 09:02:27', '1976-06-09 16:45:13');
INSERT INTO `media` (`id`, `media_type_id`, `user_id`, `body`, `filename`, `size`, `metadata`, `created_at`, `updated_at`) VALUES ('78', '2', '76', 'Repudiandae quasi omnis magni ut sapiente recusandae. Illo ducimus consequuntur soluta non. Ut neque non officiis alias voluptatibus ducimus excepturi.', 'illo', 395812, NULL, '2016-06-24 01:12:39', '1996-07-08 01:47:20');
INSERT INTO `media` (`id`, `media_type_id`, `user_id`, `body`, `filename`, `size`, `metadata`, `created_at`, `updated_at`) VALUES ('79', '4', '72', 'Similique omnis consequatur labore esse debitis mollitia omnis blanditiis. Occaecati maiores nobis incidunt. Perferendis dolorum accusamus dolor sunt qui.', 'eos', 20769582, NULL, '2003-03-17 02:29:36', '1972-05-17 16:05:39');
INSERT INTO `media` (`id`, `media_type_id`, `user_id`, `body`, `filename`, `size`, `metadata`, `created_at`, `updated_at`) VALUES ('80', '1', '1', 'Inventore error rerum id cum libero doloribus et. Eveniet quia dolorem quo ea assumenda ipsa beatae. Quasi quo eum ab accusantium qui eius mollitia. Expedita laboriosam esse praesentium cum quam consequuntur ad et.', 'ipsum', 770483, NULL, '1981-03-07 11:28:57', '2018-06-08 20:01:32');
INSERT INTO `media` (`id`, `media_type_id`, `user_id`, `body`, `filename`, `size`, `metadata`, `created_at`, `updated_at`) VALUES ('81', '3', '41', 'Aut sint quo architecto ut a facilis. Ipsum placeat optio earum dolores. Ipsam rerum doloremque dolor qui.', 'aut', 249151, NULL, '1987-09-10 22:56:19', '2022-10-12 10:31:00');
INSERT INTO `media` (`id`, `media_type_id`, `user_id`, `body`, `filename`, `size`, `metadata`, `created_at`, `updated_at`) VALUES ('82', '1', '74', 'Ipsum officia accusantium quod nulla quaerat alias quia. Occaecati maxime eius quis molestias. Sed autem beatae perspiciatis qui magni iure eius. Illum voluptatem ipsum aut.', 'fugit', 0, NULL, '1971-09-22 02:12:47', '2012-06-09 23:07:00');
INSERT INTO `media` (`id`, `media_type_id`, `user_id`, `body`, `filename`, `size`, `metadata`, `created_at`, `updated_at`) VALUES ('83', '4', '25', 'Et ut veritatis minima ducimus. Dolorem eum distinctio eius. Velit repellat maxime recusandae sequi voluptas et.', 'dolor', 88031120, NULL, '1974-12-08 08:09:38', '2021-11-21 02:45:18');
INSERT INTO `media` (`id`, `media_type_id`, `user_id`, `body`, `filename`, `size`, `metadata`, `created_at`, `updated_at`) VALUES ('84', '8', '17', 'Vero cumque eaque quaerat vel aut laboriosam. Autem nulla eveniet autem nemo voluptas. Magnam voluptatibus et aut ipsa eaque est. Eum commodi dignissimos eveniet atque.', 'dolorum', 5, NULL, '1992-11-28 20:33:05', '1986-09-01 12:46:29');
INSERT INTO `media` (`id`, `media_type_id`, `user_id`, `body`, `filename`, `size`, `metadata`, `created_at`, `updated_at`) VALUES ('85', '3', '30', 'Nulla nemo earum sapiente optio rerum ad quo qui. Enim voluptas maxime quis laudantium quibusdam. Expedita iste modi provident commodi doloribus sequi dolorum. Quia hic vitae reprehenderit porro aut voluptatem.', 'incidunt', 104463, NULL, '1972-07-04 05:48:33', '2003-05-27 08:21:29');
INSERT INTO `media` (`id`, `media_type_id`, `user_id`, `body`, `filename`, `size`, `metadata`, `created_at`, `updated_at`) VALUES ('86', '1', '58', 'Cumque corporis sapiente adipisci consectetur asperiores tempore ipsam. Ea dolores eos dolorem aspernatur ad. Odio et dolores vel nulla nemo.', 'iure', 0, NULL, '1975-11-12 16:23:15', '2000-06-03 07:05:59');
INSERT INTO `media` (`id`, `media_type_id`, `user_id`, `body`, `filename`, `size`, `metadata`, `created_at`, `updated_at`) VALUES ('87', '6', '62', 'Qui quidem commodi omnis iusto sit sint et. Soluta delectus ut et quis ut et totam. Corrupti voluptate tempore non voluptatum officiis est deserunt. Eaque quia aspernatur in in id.', 'nihil', 321786025, NULL, '1994-09-26 14:39:30', '1983-06-01 11:06:12');
INSERT INTO `media` (`id`, `media_type_id`, `user_id`, `body`, `filename`, `size`, `metadata`, `created_at`, `updated_at`) VALUES ('88', '1', '62', 'Aut molestiae earum consequuntur itaque praesentium. Cum repudiandae sint ea dolore veritatis. Esse aperiam vero nemo dignissimos non.', 'nihil', 55013, NULL, '2002-10-10 14:00:54', '2019-03-03 12:42:25');
INSERT INTO `media` (`id`, `media_type_id`, `user_id`, `body`, `filename`, `size`, `metadata`, `created_at`, `updated_at`) VALUES ('89', '4', '94', 'Laborum quo temporibus quidem consequatur incidunt. Eius cumque cum consectetur accusamus. Est quia eligendi quaerat.', 'asperiores', 32576258, NULL, '2018-06-10 19:55:59', '1981-08-04 17:08:22');
INSERT INTO `media` (`id`, `media_type_id`, `user_id`, `body`, `filename`, `size`, `metadata`, `created_at`, `updated_at`) VALUES ('90', '5', '67', 'Qui recusandae a velit autem doloribus inventore quos. Quia dignissimos voluptas aut. Omnis nisi autem esse omnis corrupti quod. Quisquam quasi quam consequuntur provident.', 'consequatur', 2500, NULL, '2021-02-22 13:39:41', '1971-04-25 03:12:05');
INSERT INTO `media` (`id`, `media_type_id`, `user_id`, `body`, `filename`, `size`, `metadata`, `created_at`, `updated_at`) VALUES ('91', '1', '91', 'Error occaecati sapiente atque veritatis incidunt qui corrupti. Fuga aliquam perferendis dolor quis sint nobis consequuntur. Dolorem ut accusamus accusamus eos consectetur at numquam.', 'consectetur', 694452233, NULL, '2017-04-26 20:06:00', '1971-05-18 13:29:15');
INSERT INTO `media` (`id`, `media_type_id`, `user_id`, `body`, `filename`, `size`, `metadata`, `created_at`, `updated_at`) VALUES ('92', '6', '60', 'Corrupti dolore possimus dolor fugiat non quia dicta. Expedita voluptatem quos aspernatur quibusdam aliquid a. Porro impedit molestiae delectus quas nesciunt. Quisquam blanditiis incidunt voluptas expedita.', 'pariatur', 910, NULL, '1977-03-29 06:30:39', '1990-01-02 19:15:20');
INSERT INTO `media` (`id`, `media_type_id`, `user_id`, `body`, `filename`, `size`, `metadata`, `created_at`, `updated_at`) VALUES ('93', '1', '35', 'Ad omnis velit dolore. Accusamus blanditiis repellendus ducimus nam et repellendus. Atque rerum consectetur odio. Amet fugit maxime ipsa.', 'non', 97682154, NULL, '1998-12-30 08:35:47', '1997-05-04 03:12:41');
INSERT INTO `media` (`id`, `media_type_id`, `user_id`, `body`, `filename`, `size`, `metadata`, `created_at`, `updated_at`) VALUES ('94', '5', '23', 'Aliquid deserunt fugiat dolorem vel. Omnis et adipisci eaque. Id inventore at sint veritatis et enim autem consectetur. Quisquam sint a repellendus. Vero aut iure quis molestiae ipsum ipsam.', 'neque', 612, NULL, '1971-06-23 06:02:15', '1996-06-06 20:31:59');
INSERT INTO `media` (`id`, `media_type_id`, `user_id`, `body`, `filename`, `size`, `metadata`, `created_at`, `updated_at`) VALUES ('95', '1', '61', 'Deserunt sint quis itaque ea aut suscipit. Et at laudantium quis eveniet incidunt et. Ut dolor aut ullam possimus laudantium non dolores. Itaque ea quis quibusdam et.', 'iste', 95, NULL, '2013-03-07 06:28:12', '1976-08-25 08:49:33');
INSERT INTO `media` (`id`, `media_type_id`, `user_id`, `body`, `filename`, `size`, `metadata`, `created_at`, `updated_at`) VALUES ('96', '4', '33', 'Dolore dolorem pariatur doloribus error quia tenetur. Dolor magnam omnis doloremque aut. Quae fugit velit et aliquam velit dolore illo. Consequatur illo aut qui iste enim delectus ipsum.', 'hic', 99861, NULL, '1977-02-07 10:42:18', '2020-11-06 11:51:03');
INSERT INTO `media` (`id`, `media_type_id`, `user_id`, `body`, `filename`, `size`, `metadata`, `created_at`, `updated_at`) VALUES ('97', '10', '91', 'Quibusdam et architecto debitis rerum autem molestias voluptatibus facere. Nobis rerum vel in labore rerum. Possimus cupiditate dolor eveniet sunt. Magni quo velit voluptas delectus laborum amet.', 'occaecati', 6026, NULL, '1992-12-11 11:56:48', '1985-08-26 05:21:24');
INSERT INTO `media` (`id`, `media_type_id`, `user_id`, `body`, `filename`, `size`, `metadata`, `created_at`, `updated_at`) VALUES ('98', '1', '8', 'Nihil officia omnis iusto assumenda itaque voluptatem. Sapiente cupiditate ipsa quasi quod sint culpa eaque. Perferendis nesciunt in voluptatem sequi voluptatem dignissimos autem. Maiores a officiis accusamus.', 'voluptate', 1939940, NULL, '1983-04-21 08:18:47', '2007-07-13 15:43:26');
INSERT INTO `media` (`id`, `media_type_id`, `user_id`, `body`, `filename`, `size`, `metadata`, `created_at`, `updated_at`) VALUES ('99', '1', '62', 'Debitis odio rerum blanditiis optio asperiores sed labore. Et cum repellendus aut sequi qui inventore qui. A et sint vel nisi molestiae non error. Et ad repudiandae fugit. Laudantium dolores nesciunt voluptas saepe laboriosam.', 'aperiam', 929649, NULL, '1978-05-11 08:41:02', '2019-02-16 13:07:53');
INSERT INTO `media` (`id`, `media_type_id`, `user_id`, `body`, `filename`, `size`, `metadata`, `created_at`, `updated_at`) VALUES ('100', '5', '86', 'Suscipit adipisci voluptatem ipsam quis mollitia doloribus iste. Itaque est odit nisi nemo voluptatem illum. Eligendi eum temporibus labore facilis officiis perspiciatis. Magni est ut repudiandae.', 'dolores', 80, NULL, '1991-11-26 23:44:54', '2015-01-20 23:47:15');


#
# TABLE STRUCTURE FOR: media_types
#

DROP TABLE IF EXISTS `media_types`;

CREATE TABLE `media_types` (
  `id` bigint(20) unsigned NOT NULL AUTO_INCREMENT,
  `name` varchar(255) COLLATE utf8mb4_unicode_ci DEFAULT NULL,
  `created_at` datetime DEFAULT current_timestamp(),
  `updated_at` datetime DEFAULT current_timestamp() ON UPDATE current_timestamp(),
  PRIMARY KEY (`id`)
) ENGINE=InnoDB AUTO_INCREMENT=11 DEFAULT CHARSET=utf8mb4 COLLATE=utf8mb4_unicode_ci;

INSERT INTO `media_types` (`id`, `name`, `created_at`, `updated_at`) VALUES ('1', 'voluptate', '2007-02-11 00:31:06', '1987-01-10 12:04:01');
INSERT INTO `media_types` (`id`, `name`, `created_at`, `updated_at`) VALUES ('2', 'sint', '2013-12-14 12:25:32', '1983-02-12 00:30:01');
INSERT INTO `media_types` (`id`, `name`, `created_at`, `updated_at`) VALUES ('3', 'labore', '1981-10-03 04:41:47', '1982-12-26 01:01:30');
INSERT INTO `media_types` (`id`, `name`, `created_at`, `updated_at`) VALUES ('4', 'modi', '1978-09-19 05:02:35', '2015-03-02 22:53:28');
INSERT INTO `media_types` (`id`, `name`, `created_at`, `updated_at`) VALUES ('5', 'delectus', '2014-07-09 07:59:43', '1973-11-04 04:54:02');
INSERT INTO `media_types` (`id`, `name`, `created_at`, `updated_at`) VALUES ('6', 'repellat', '1973-03-22 18:17:51', '2002-08-06 11:49:57');
INSERT INTO `media_types` (`id`, `name`, `created_at`, `updated_at`) VALUES ('7', 'dolorum', '1990-04-12 08:40:32', '1971-11-16 07:05:00');
INSERT INTO `media_types` (`id`, `name`, `created_at`, `updated_at`) VALUES ('8', 'quos', '1970-09-01 06:37:40', '2014-01-28 20:11:54');
INSERT INTO `media_types` (`id`, `name`, `created_at`, `updated_at`) VALUES ('9', 'repellendus', '1996-09-03 13:49:58', '1992-12-26 14:51:11');
INSERT INTO `media_types` (`id`, `name`, `created_at`, `updated_at`) VALUES ('10', 'tempore', '1991-05-09 10:33:06', '1993-10-28 15:30:36');


#
# TABLE STRUCTURE FOR: messages
#

DROP TABLE IF EXISTS `messages`;

CREATE TABLE `messages` (
  `id` bigint(20) unsigned NOT NULL AUTO_INCREMENT,
  `from_user_id` bigint(20) unsigned NOT NULL,
  `to_user_id` bigint(20) unsigned NOT NULL,
  `body` text COLLATE utf8mb4_unicode_ci DEFAULT NULL,
  `created_at` datetime DEFAULT current_timestamp(),
  PRIMARY KEY (`id`),
  KEY `from_user_id` (`from_user_id`),
  KEY `to_user_id` (`to_user_id`),
  CONSTRAINT `messages_ibfk_1` FOREIGN KEY (`from_user_id`) REFERENCES `users` (`id`) ON DELETE CASCADE ON UPDATE CASCADE,
  CONSTRAINT `messages_ibfk_2` FOREIGN KEY (`to_user_id`) REFERENCES `users` (`id`) ON DELETE CASCADE ON UPDATE CASCADE
) ENGINE=InnoDB AUTO_INCREMENT=101 DEFAULT CHARSET=utf8mb4 COLLATE=utf8mb4_unicode_ci;

INSERT INTO `messages` (`id`, `from_user_id`, `to_user_id`, `body`, `created_at`) VALUES ('1', '100', '67', 'Laudantium nobis commodi dolorum harum iste rerum illum omnis. Sint fugit accusamus quo occaecati dignissimos est temporibus.', '2007-08-23 02:54:27');
INSERT INTO `messages` (`id`, `from_user_id`, `to_user_id`, `body`, `created_at`) VALUES ('2', '48', '22', 'Distinctio veritatis eveniet deleniti dolorem provident earum explicabo. Tenetur quibusdam omnis culpa tenetur odit enim suscipit repellat. Sint adipisci tempore omnis quos.', '2021-12-03 06:29:53');
INSERT INTO `messages` (`id`, `from_user_id`, `to_user_id`, `body`, `created_at`) VALUES ('3', '50', '52', 'Vero provident consequatur quidem placeat explicabo sit modi. Voluptates amet consequatur ut voluptatum quibusdam ullam similique. Natus totam adipisci inventore quam voluptatem.', '2013-04-26 10:41:30');
INSERT INTO `messages` (`id`, `from_user_id`, `to_user_id`, `body`, `created_at`) VALUES ('4', '11', '70', 'Molestias dolorum ut temporibus voluptatem nam sapiente et. Cupiditate voluptatem aut architecto occaecati. Minus et ratione asperiores eos consectetur esse. Excepturi qui repellendus voluptatem ea reiciendis ullam repudiandae quis.', '1994-04-16 10:09:24');
INSERT INTO `messages` (`id`, `from_user_id`, `to_user_id`, `body`, `created_at`) VALUES ('5', '10', '74', 'Dicta velit eum rem voluptas exercitationem a omnis. Qui consequuntur quia animi reprehenderit labore non. Sunt eum voluptatem magnam ut asperiores veritatis. Amet in ipsam commodi.', '2021-09-09 05:34:55');
INSERT INTO `messages` (`id`, `from_user_id`, `to_user_id`, `body`, `created_at`) VALUES ('6', '22', '79', 'Quae quam facilis nostrum. Laborum ut hic amet.', '1980-02-29 09:59:26');
INSERT INTO `messages` (`id`, `from_user_id`, `to_user_id`, `body`, `created_at`) VALUES ('7', '85', '81', 'Eius magni nihil libero quibusdam aut placeat. Quo ad minima quis dolor facere non commodi sunt. Et ipsam consectetur qui suscipit aut voluptatibus. Odit est enim quia ipsa sed.', '2003-11-18 12:20:30');
INSERT INTO `messages` (`id`, `from_user_id`, `to_user_id`, `body`, `created_at`) VALUES ('8', '47', '35', 'Eum at dolores iste ea. Alias facere ut in voluptatem ut. Aut quod vero hic eveniet.', '1998-04-01 09:07:38');
INSERT INTO `messages` (`id`, `from_user_id`, `to_user_id`, `body`, `created_at`) VALUES ('9', '50', '1', 'Sit illo eaque doloremque sequi. Est optio nihil ullam et reprehenderit est. Rerum molestiae non magnam quisquam voluptatem eius libero. Placeat consequatur qui cupiditate totam.', '2014-09-15 11:21:39');
INSERT INTO `messages` (`id`, `from_user_id`, `to_user_id`, `body`, `created_at`) VALUES ('10', '11', '53', 'Similique perferendis pariatur id sit. Quia deleniti voluptatem aut et reprehenderit eos eos doloribus.', '1985-02-03 17:30:55');
INSERT INTO `messages` (`id`, `from_user_id`, `to_user_id`, `body`, `created_at`) VALUES ('11', '69', '96', 'Labore qui necessitatibus et animi. Architecto et magni odit iste. Et dolorem reiciendis ducimus ipsam autem nemo quibusdam consequatur. Voluptates sit rem dolorem voluptas repudiandae id rem.', '1979-11-30 23:26:39');
INSERT INTO `messages` (`id`, `from_user_id`, `to_user_id`, `body`, `created_at`) VALUES ('12', '66', '94', 'Sit dignissimos dolor ex pariatur atque. Qui ullam tempore esse. Laborum incidunt velit voluptatem corporis quia.', '2009-12-04 01:56:04');
INSERT INTO `messages` (`id`, `from_user_id`, `to_user_id`, `body`, `created_at`) VALUES ('13', '97', '49', 'Sed molestiae vel qui repellendus. Consequatur sit sit atque ipsum maiores aut eaque. Numquam dolor in libero est omnis pariatur est. Voluptatem sit aliquam voluptas necessitatibus atque vel.', '1992-04-13 02:16:03');
INSERT INTO `messages` (`id`, `from_user_id`, `to_user_id`, `body`, `created_at`) VALUES ('14', '95', '42', 'Non eius aliquid quia et nisi. Maiores dicta sunt maxime sequi. Repellat aut a a voluptate.', '1991-05-24 16:54:31');
INSERT INTO `messages` (`id`, `from_user_id`, `to_user_id`, `body`, `created_at`) VALUES ('15', '77', '78', 'Delectus itaque dicta voluptatem aperiam repellat impedit. Deleniti soluta sint adipisci expedita asperiores id placeat. Consequuntur similique qui eaque consequatur libero facilis velit ipsam.', '2006-10-25 10:51:40');
INSERT INTO `messages` (`id`, `from_user_id`, `to_user_id`, `body`, `created_at`) VALUES ('16', '7', '84', 'Quam laudantium porro autem maxime vel animi incidunt. Quibusdam ex non quo voluptas assumenda fuga. Est non neque voluptatem recusandae sapiente ullam sapiente. Eos ex quod reprehenderit tempore culpa cupiditate nobis.', '1998-11-29 23:44:18');
INSERT INTO `messages` (`id`, `from_user_id`, `to_user_id`, `body`, `created_at`) VALUES ('17', '77', '84', 'Officia ipsa et voluptas facilis nisi nesciunt quo. Hic sint et mollitia. Est est ea id. Numquam eligendi animi alias maxime.', '1970-07-08 22:14:48');
INSERT INTO `messages` (`id`, `from_user_id`, `to_user_id`, `body`, `created_at`) VALUES ('18', '15', '1', 'Non ut architecto sit. Omnis quis velit odit. Illo a corporis consequatur.', '1985-05-02 13:11:09');
INSERT INTO `messages` (`id`, `from_user_id`, `to_user_id`, `body`, `created_at`) VALUES ('19', '14', '27', 'Tenetur sed et modi velit perspiciatis omnis perferendis qui. Quia a sapiente dolor sint.', '1999-12-19 21:28:23');
INSERT INTO `messages` (`id`, `from_user_id`, `to_user_id`, `body`, `created_at`) VALUES ('20', '68', '2', 'Vel ullam distinctio et quis. Molestias architecto corrupti excepturi doloribus molestiae quae sequi. Ullam molestias provident harum veniam. Sunt repellat labore voluptate non ad similique non aliquid.', '2008-04-28 05:46:31');
INSERT INTO `messages` (`id`, `from_user_id`, `to_user_id`, `body`, `created_at`) VALUES ('21', '61', '93', 'Dicta quia ipsum quis repellendus. A sint aliquid nulla excepturi aut nobis voluptas. Sed qui similique nihil ad.', '2018-10-21 13:28:21');
INSERT INTO `messages` (`id`, `from_user_id`, `to_user_id`, `body`, `created_at`) VALUES ('22', '15', '70', 'Qui et non similique eos voluptas aliquam. Quia sit distinctio dolorem impedit est et soluta. Ut repudiandae excepturi est minima et voluptatem. Et et id sint sint et.', '1979-01-21 11:54:04');
INSERT INTO `messages` (`id`, `from_user_id`, `to_user_id`, `body`, `created_at`) VALUES ('23', '65', '60', 'Earum minus velit laborum aut maxime natus sed. Aut vero id enim ipsum.', '1970-11-03 07:58:53');
INSERT INTO `messages` (`id`, `from_user_id`, `to_user_id`, `body`, `created_at`) VALUES ('24', '29', '100', 'Quae ut reiciendis non provident quidem consequuntur qui consequatur. Earum qui doloribus et commodi consequatur eius. Cumque magni repellendus voluptatem officia eveniet. Hic voluptatem libero et sint dignissimos. Sit minima eum voluptate sunt dicta qui ab.', '2002-09-05 23:24:53');
INSERT INTO `messages` (`id`, `from_user_id`, `to_user_id`, `body`, `created_at`) VALUES ('25', '61', '38', 'Consequatur molestias autem autem exercitationem. Sit molestias voluptas consequatur sit earum consequatur ut tempore. Voluptas tempora ratione a labore perferendis officia voluptate.', '1983-09-20 06:17:33');
INSERT INTO `messages` (`id`, `from_user_id`, `to_user_id`, `body`, `created_at`) VALUES ('26', '46', '75', 'Quia dolores occaecati mollitia quo corporis eum aut. Amet corporis nihil aliquid laboriosam ab velit quae. Quis temporibus est alias sunt cumque.', '1989-12-07 15:16:32');
INSERT INTO `messages` (`id`, `from_user_id`, `to_user_id`, `body`, `created_at`) VALUES ('27', '31', '95', 'Itaque enim voluptatem est ducimus quos. Sunt voluptas tempore ratione occaecati et ullam iusto. Totam omnis et dolores optio est iste tempore. Consequuntur dolore fugiat inventore nihil omnis perspiciatis.', '1996-04-27 12:10:32');
INSERT INTO `messages` (`id`, `from_user_id`, `to_user_id`, `body`, `created_at`) VALUES ('28', '76', '44', 'Voluptas labore qui error qui nostrum esse accusamus. Omnis maxime enim et accusamus minima sit sapiente. Qui expedita doloribus cupiditate commodi et rem. Commodi ex accusamus alias ut.', '2021-04-16 01:34:58');
INSERT INTO `messages` (`id`, `from_user_id`, `to_user_id`, `body`, `created_at`) VALUES ('29', '41', '10', 'Dolor architecto dolor et voluptas omnis eligendi fugiat. Maxime et quasi alias. Rerum animi esse est debitis doloribus nesciunt aperiam dolores. Hic inventore enim ex enim voluptatibus est accusantium aut. Et qui suscipit qui odit mollitia quia odio dolorem.', '1985-10-13 10:41:10');
INSERT INTO `messages` (`id`, `from_user_id`, `to_user_id`, `body`, `created_at`) VALUES ('30', '77', '56', 'Dolores quas animi quisquam nisi vel ratione asperiores. Amet id reprehenderit voluptatum quia laboriosam. Occaecati vel harum qui est non corporis consequatur. Deserunt optio optio assumenda cum natus eum ipsam.', '1996-01-09 03:49:06');
INSERT INTO `messages` (`id`, `from_user_id`, `to_user_id`, `body`, `created_at`) VALUES ('31', '88', '65', 'Labore dolorem natus dicta asperiores porro quia. Et cum quia eius sint fugiat ipsa. Esse fugit hic sit sunt recusandae ut velit perferendis. Rerum perferendis quidem veniam rem quia in qui vitae.', '1976-04-15 03:15:52');
INSERT INTO `messages` (`id`, `from_user_id`, `to_user_id`, `body`, `created_at`) VALUES ('32', '93', '65', 'Molestiae ea voluptatem delectus eligendi ea nemo. Magni fuga voluptate est consequatur est expedita. Dolore voluptatibus ullam culpa esse. Voluptatibus praesentium tempora suscipit tenetur ratione. Dolorum nisi ad rerum reprehenderit qui.', '1987-12-31 16:27:10');
INSERT INTO `messages` (`id`, `from_user_id`, `to_user_id`, `body`, `created_at`) VALUES ('33', '77', '93', 'Voluptas et eos velit aut. Recusandae eos velit facere ut placeat sed voluptas. Voluptatibus quas maxime cumque.', '2010-09-14 04:23:27');
INSERT INTO `messages` (`id`, `from_user_id`, `to_user_id`, `body`, `created_at`) VALUES ('34', '48', '53', 'Quaerat ut atque aliquid quo doloribus et optio. Perspiciatis consectetur amet non consequatur. Quos qui deserunt minima voluptas quia eum.', '1989-03-25 12:48:52');
INSERT INTO `messages` (`id`, `from_user_id`, `to_user_id`, `body`, `created_at`) VALUES ('35', '99', '62', 'Exercitationem omnis ex cumque itaque rerum sunt dolor. Illo expedita provident quidem dolorem dolorum corrupti. Repellat veritatis sed rerum.', '1978-02-28 12:16:06');
INSERT INTO `messages` (`id`, `from_user_id`, `to_user_id`, `body`, `created_at`) VALUES ('36', '82', '42', 'Sit animi blanditiis recusandae aperiam perspiciatis corporis. Iste voluptatem magnam non ut sed. Reiciendis placeat accusamus aut dolores soluta consequatur nisi et.', '2022-12-03 05:29:14');
INSERT INTO `messages` (`id`, `from_user_id`, `to_user_id`, `body`, `created_at`) VALUES ('37', '75', '39', 'Ab nulla sapiente animi laboriosam consequatur aut. Est tenetur temporibus consequatur voluptates aperiam aut eveniet consequatur. Vel reiciendis non sed perferendis. Nemo culpa laudantium nesciunt eum possimus ab.', '1973-03-09 18:36:00');
INSERT INTO `messages` (`id`, `from_user_id`, `to_user_id`, `body`, `created_at`) VALUES ('38', '52', '22', 'Iste labore omnis neque nulla. Eos quas distinctio accusamus molestiae similique corporis qui.', '2004-04-26 05:36:39');
INSERT INTO `messages` (`id`, `from_user_id`, `to_user_id`, `body`, `created_at`) VALUES ('39', '52', '59', 'Totam cum officiis et ea natus. Quia nulla laborum impedit id.', '2006-03-31 23:26:01');
INSERT INTO `messages` (`id`, `from_user_id`, `to_user_id`, `body`, `created_at`) VALUES ('40', '79', '59', 'Vero quam nam ab aspernatur minus. Et porro quod earum odit vero tempora. Magni deserunt animi maxime recusandae. Voluptas modi tenetur ut tempore enim.', '1981-02-22 12:57:38');
INSERT INTO `messages` (`id`, `from_user_id`, `to_user_id`, `body`, `created_at`) VALUES ('41', '17', '49', 'Provident veniam quae et. Velit dolorem odio ipsum quia.', '2000-04-13 12:06:43');
INSERT INTO `messages` (`id`, `from_user_id`, `to_user_id`, `body`, `created_at`) VALUES ('42', '96', '35', 'Eum commodi similique dolore inventore neque molestiae qui. Asperiores est ullam deserunt perferendis quam voluptas ut. Dolores nisi recusandae ad velit eius quos laboriosam.', '1997-08-25 03:35:03');
INSERT INTO `messages` (`id`, `from_user_id`, `to_user_id`, `body`, `created_at`) VALUES ('43', '61', '64', 'Et dolor voluptas est et quia. Laborum fuga modi voluptatem facilis. Laboriosam nisi et molestias quaerat sit facilis est. Assumenda tempore libero ratione quo sunt dolorum.', '2009-09-14 20:32:34');
INSERT INTO `messages` (`id`, `from_user_id`, `to_user_id`, `body`, `created_at`) VALUES ('44', '47', '53', 'Ratione fuga qui rerum aut ea. Quod et animi deleniti qui iure laudantium voluptatem. Modi hic necessitatibus sint excepturi enim est quos quibusdam.', '2001-09-05 20:25:19');
INSERT INTO `messages` (`id`, `from_user_id`, `to_user_id`, `body`, `created_at`) VALUES ('45', '60', '68', 'Quos et omnis mollitia expedita ea. Et velit itaque at. Sunt delectus consequatur dignissimos. Ratione id nihil occaecati corrupti in accusamus eveniet laudantium.', '2003-03-04 00:51:09');
INSERT INTO `messages` (`id`, `from_user_id`, `to_user_id`, `body`, `created_at`) VALUES ('46', '89', '99', 'Commodi at ut similique minima et eveniet fuga. Ex dolorem distinctio omnis debitis ut nihil quos est. Alias ad et nihil vel libero laudantium sapiente. Pariatur vero soluta voluptas aut excepturi molestiae autem.', '2018-03-26 17:38:45');
INSERT INTO `messages` (`id`, `from_user_id`, `to_user_id`, `body`, `created_at`) VALUES ('47', '62', '2', 'Et dolores libero sed sit voluptate quod. Autem ut mollitia dolores aliquam accusamus.', '2010-05-12 17:01:11');
INSERT INTO `messages` (`id`, `from_user_id`, `to_user_id`, `body`, `created_at`) VALUES ('48', '15', '68', 'Omnis ratione aut et vitae maxime ut tenetur. Eos iste nemo quos sint nesciunt incidunt. Maxime blanditiis ut quasi. Repudiandae adipisci qui voluptates et praesentium. Et occaecati est harum odio id.', '1972-11-23 10:21:19');
INSERT INTO `messages` (`id`, `from_user_id`, `to_user_id`, `body`, `created_at`) VALUES ('49', '33', '99', 'Et assumenda deleniti aliquid incidunt cumque. Doloremque at ut optio ex tenetur. Exercitationem sapiente sequi praesentium quia voluptatem laborum alias.', '2001-02-13 14:33:36');
INSERT INTO `messages` (`id`, `from_user_id`, `to_user_id`, `body`, `created_at`) VALUES ('50', '43', '22', 'Et praesentium voluptatum officiis dolore ut aut. Tenetur temporibus quo dolore distinctio recusandae qui. Laudantium consequatur odio ipsum architecto sunt sit nihil.', '2010-01-08 07:05:07');
INSERT INTO `messages` (`id`, `from_user_id`, `to_user_id`, `body`, `created_at`) VALUES ('51', '71', '54', 'Ipsum laudantium fugiat commodi molestiae voluptatum. Vitae in repellendus omnis aut expedita modi maiores. Dignissimos dolores itaque est aspernatur adipisci. Minus atque molestias eos consequatur eos fugiat.', '1987-07-18 10:20:18');
INSERT INTO `messages` (`id`, `from_user_id`, `to_user_id`, `body`, `created_at`) VALUES ('52', '58', '7', 'Quasi quos enim assumenda facilis et tempora autem dignissimos. Voluptates accusamus est deleniti est est omnis. Dolor sit ut est doloribus est qui aperiam voluptas.', '2016-07-10 01:42:03');
INSERT INTO `messages` (`id`, `from_user_id`, `to_user_id`, `body`, `created_at`) VALUES ('53', '55', '90', 'Natus molestiae repudiandae minus quibusdam aut adipisci. Ullam ea voluptates nesciunt et consequatur deserunt optio. Maiores error veniam neque animi. Et repudiandae voluptates enim ut autem iusto doloribus aut.', '2020-09-27 08:54:08');
INSERT INTO `messages` (`id`, `from_user_id`, `to_user_id`, `body`, `created_at`) VALUES ('54', '24', '95', 'Et porro corrupti iste. Ducimus illo quia vel eum et dolor.', '2001-07-20 21:23:02');
INSERT INTO `messages` (`id`, `from_user_id`, `to_user_id`, `body`, `created_at`) VALUES ('55', '61', '90', 'Aut cum libero id nihil vel est. Necessitatibus debitis dolorem quis ut soluta maiores similique velit. Perferendis dolores voluptates neque quis.', '2019-10-14 15:01:05');
INSERT INTO `messages` (`id`, `from_user_id`, `to_user_id`, `body`, `created_at`) VALUES ('56', '71', '98', 'Qui reiciendis nihil harum consequatur. Nam dolorem provident quae enim. Quo sit et facere repellendus.', '1974-10-29 06:33:05');
INSERT INTO `messages` (`id`, `from_user_id`, `to_user_id`, `body`, `created_at`) VALUES ('57', '22', '12', 'Ut architecto sit voluptatibus tenetur necessitatibus accusamus. Et quasi ut aut tempore et vel. Sit doloribus cupiditate perspiciatis qui.', '1977-06-13 06:16:13');
INSERT INTO `messages` (`id`, `from_user_id`, `to_user_id`, `body`, `created_at`) VALUES ('58', '49', '35', 'Et temporibus esse necessitatibus. Voluptas quidem atque delectus cum libero quidem cumque nesciunt. Id rerum minima dolores. Eum ab qui placeat.', '1971-08-11 23:00:17');
INSERT INTO `messages` (`id`, `from_user_id`, `to_user_id`, `body`, `created_at`) VALUES ('59', '83', '80', 'Id doloremque aspernatur sint voluptatem quasi. Laudantium sit quae est id. Impedit et perferendis culpa rerum quia sapiente. Neque non iusto dolore illo quia qui deleniti.', '1997-01-22 09:29:59');
INSERT INTO `messages` (`id`, `from_user_id`, `to_user_id`, `body`, `created_at`) VALUES ('60', '43', '46', 'Nemo illo aperiam consectetur. Quae similique et numquam et quod deleniti consequatur. Quod et voluptates natus dolor.', '1977-05-25 16:53:32');
INSERT INTO `messages` (`id`, `from_user_id`, `to_user_id`, `body`, `created_at`) VALUES ('61', '92', '93', 'Debitis beatae qui accusamus quo. Optio incidunt quia exercitationem ipsam nesciunt. Corporis dolorum et deleniti ratione praesentium non dolor. Optio fugit ea animi et suscipit omnis.', '1995-04-12 02:44:52');
INSERT INTO `messages` (`id`, `from_user_id`, `to_user_id`, `body`, `created_at`) VALUES ('62', '86', '57', 'Quis molestiae quos non sed. Incidunt ea dicta exercitationem eum cumque. Debitis perferendis consequatur culpa qui sunt iusto est. Fugit dignissimos eum dolorum distinctio voluptatem.', '1981-03-03 00:47:36');
INSERT INTO `messages` (`id`, `from_user_id`, `to_user_id`, `body`, `created_at`) VALUES ('63', '87', '93', 'Impedit nemo deserunt vero et dolorum. Nostrum quae aut ut ipsa accusamus eum praesentium. Commodi dolorem provident assumenda necessitatibus. Voluptatem ea magnam nihil ipsam. Quo dolores corporis velit et enim.', '1976-08-26 15:22:30');
INSERT INTO `messages` (`id`, `from_user_id`, `to_user_id`, `body`, `created_at`) VALUES ('64', '90', '93', 'Natus commodi minus quisquam adipisci exercitationem. Vel aspernatur voluptatem sunt ipsam voluptatibus voluptatem est. Dolores quam qui natus aut eveniet eius.', '2003-11-28 12:18:30');
INSERT INTO `messages` (`id`, `from_user_id`, `to_user_id`, `body`, `created_at`) VALUES ('65', '44', '67', 'Dolor qui dicta non. Doloribus ut nihil facere explicabo.', '2013-03-15 22:52:00');
INSERT INTO `messages` (`id`, `from_user_id`, `to_user_id`, `body`, `created_at`) VALUES ('66', '16', '94', 'Voluptatem amet ipsum aliquam vel officiis dolor. Accusamus nihil velit animi labore quae id.', '2022-01-02 16:51:01');
INSERT INTO `messages` (`id`, `from_user_id`, `to_user_id`, `body`, `created_at`) VALUES ('67', '90', '62', 'Molestiae corrupti dolorem cum ad necessitatibus. Et eligendi officia et. Optio quaerat veritatis ipsum qui neque.', '1975-04-19 11:46:20');
INSERT INTO `messages` (`id`, `from_user_id`, `to_user_id`, `body`, `created_at`) VALUES ('68', '19', '78', 'Quo sit doloribus doloremque. Consequuntur maxime et amet. Consequatur saepe repellendus vitae nulla optio. Consequatur error in ad quia occaecati recusandae.', '2014-03-07 12:10:01');
INSERT INTO `messages` (`id`, `from_user_id`, `to_user_id`, `body`, `created_at`) VALUES ('69', '29', '71', 'Omnis magnam vitae soluta id vitae aliquam qui voluptatum. Velit debitis magnam ducimus quaerat magnam accusantium rerum. Sunt odit dolorum nam.', '2018-01-30 09:49:02');
INSERT INTO `messages` (`id`, `from_user_id`, `to_user_id`, `body`, `created_at`) VALUES ('70', '1', '33', 'Deleniti porro autem deleniti optio reiciendis dicta. Ut doloribus itaque cum alias consequatur. Rerum aut sunt rerum delectus voluptatibus.', '1972-01-07 01:08:19');
INSERT INTO `messages` (`id`, `from_user_id`, `to_user_id`, `body`, `created_at`) VALUES ('71', '89', '78', 'Aut quod beatae rerum accusamus qui occaecati aut. Nam vitae esse optio cumque repellat voluptas vero vel. Itaque natus reprehenderit blanditiis. Possimus mollitia est modi velit natus.', '2001-07-17 07:18:09');
INSERT INTO `messages` (`id`, `from_user_id`, `to_user_id`, `body`, `created_at`) VALUES ('72', '86', '45', 'Unde aperiam cumque ut enim sunt repudiandae quos delectus. Temporibus nisi odio dolor quos ut voluptatum. Dolor atque modi at aspernatur nisi.', '2017-11-27 22:10:33');
INSERT INTO `messages` (`id`, `from_user_id`, `to_user_id`, `body`, `created_at`) VALUES ('73', '7', '43', 'Est tenetur recusandae iure aut qui. Modi sit aut quia sed dolor. Et nostrum facere necessitatibus nihil alias officiis. Ut est in reprehenderit pariatur porro sed aut.', '2012-02-23 17:32:14');
INSERT INTO `messages` (`id`, `from_user_id`, `to_user_id`, `body`, `created_at`) VALUES ('74', '86', '88', 'Dolorem cum ut ipsam reiciendis omnis. Veniam perferendis est velit tempore sit et tempora. Sunt tempore iusto et repellat.', '1983-12-06 12:18:40');
INSERT INTO `messages` (`id`, `from_user_id`, `to_user_id`, `body`, `created_at`) VALUES ('75', '24', '22', 'Ad aliquid et est molestias. Ut ratione molestiae deserunt harum itaque voluptatem illum. Recusandae harum aliquam voluptatem sed quo non nam. Earum est perferendis et suscipit sint quasi exercitationem.', '1975-04-23 22:23:27');
INSERT INTO `messages` (`id`, `from_user_id`, `to_user_id`, `body`, `created_at`) VALUES ('76', '28', '97', 'Soluta unde vero sit dignissimos debitis soluta id. Sed possimus illum non sapiente nihil qui.', '1980-10-12 18:30:00');
INSERT INTO `messages` (`id`, `from_user_id`, `to_user_id`, `body`, `created_at`) VALUES ('77', '98', '47', 'Soluta ipsa repellendus asperiores. Eum temporibus fuga et quasi et vel vel. Quam reprehenderit et velit.', '2019-02-09 08:43:33');
INSERT INTO `messages` (`id`, `from_user_id`, `to_user_id`, `body`, `created_at`) VALUES ('78', '73', '54', 'Quod minus laudantium pariatur necessitatibus aut. Quibusdam necessitatibus dolores aut consequuntur alias id unde. Perferendis voluptatum eveniet minus veniam dolorem nihil molestiae. Sint repellendus ducimus beatae qui sit eaque cum quia.', '1985-12-06 19:05:26');
INSERT INTO `messages` (`id`, `from_user_id`, `to_user_id`, `body`, `created_at`) VALUES ('79', '71', '10', 'Neque dicta et adipisci tempore. Soluta enim nostrum consequatur recusandae velit odio ducimus. Necessitatibus delectus accusamus asperiores aut. Et facere velit itaque itaque tenetur voluptate cupiditate.', '2011-05-06 04:48:13');
INSERT INTO `messages` (`id`, `from_user_id`, `to_user_id`, `body`, `created_at`) VALUES ('80', '53', '32', 'Velit incidunt ratione illo aliquid officiis facere. Explicabo aperiam alias qui dolorem vel vel corrupti. Vero cumque qui perferendis quia et. Quia consequatur modi ea voluptatem rerum vitae odio.', '1980-03-05 14:22:28');
INSERT INTO `messages` (`id`, `from_user_id`, `to_user_id`, `body`, `created_at`) VALUES ('81', '28', '52', 'Corporis voluptatibus fugit et suscipit porro ut. A delectus in unde doloremque.', '2004-01-28 01:11:54');
INSERT INTO `messages` (`id`, `from_user_id`, `to_user_id`, `body`, `created_at`) VALUES ('82', '66', '31', 'Iusto omnis libero voluptate possimus magni. Maxime omnis odio rerum voluptate voluptatem. Quos voluptate quibusdam debitis officia animi ex. Nisi ipsam ut autem non.', '2019-10-20 01:22:23');
INSERT INTO `messages` (`id`, `from_user_id`, `to_user_id`, `body`, `created_at`) VALUES ('83', '90', '67', 'Nostrum quia in est voluptatibus impedit. Ipsum accusamus ut earum id necessitatibus quis reprehenderit. Distinctio eius sed sint. Fugiat aut qui repellendus nihil.', '2012-02-11 18:41:33');
INSERT INTO `messages` (`id`, `from_user_id`, `to_user_id`, `body`, `created_at`) VALUES ('84', '90', '7', 'Sit debitis quis sint sequi ipsum vitae. Quaerat non est et corrupti. Iusto dignissimos quia adipisci impedit adipisci in quaerat. Sunt cupiditate aut debitis quod ut dolores laudantium.', '2004-05-18 08:46:11');
INSERT INTO `messages` (`id`, `from_user_id`, `to_user_id`, `body`, `created_at`) VALUES ('85', '85', '94', 'Aliquam repudiandae recusandae voluptates. Repudiandae aut minima saepe enim. Voluptatem ab culpa aut. Fugiat debitis officiis adipisci inventore sunt a.', '2012-09-17 23:58:26');
INSERT INTO `messages` (`id`, `from_user_id`, `to_user_id`, `body`, `created_at`) VALUES ('86', '67', '10', 'Quo eveniet ipsum distinctio est aliquam. Accusantium eos suscipit cumque cumque eos et. Dolor distinctio hic et repudiandae optio. Est esse harum consequatur repellat pariatur asperiores sit.', '1985-06-18 20:26:41');
INSERT INTO `messages` (`id`, `from_user_id`, `to_user_id`, `body`, `created_at`) VALUES ('87', '55', '77', 'Eos eius qui voluptas asperiores et laboriosam ut. Voluptatibus error sed error impedit illo. Similique error sed repellendus possimus et laboriosam.', '1977-05-28 20:36:45');
INSERT INTO `messages` (`id`, `from_user_id`, `to_user_id`, `body`, `created_at`) VALUES ('88', '26', '43', 'Quos magni est et neque necessitatibus. Dicta veritatis voluptatibus consequuntur modi consectetur quas esse earum. Maxime autem nobis similique rerum molestiae qui. Quis officia aut consequatur consectetur.', '2004-09-29 05:02:46');
INSERT INTO `messages` (`id`, `from_user_id`, `to_user_id`, `body`, `created_at`) VALUES ('89', '39', '26', 'Et consequatur qui est reiciendis illum. Libero quam autem dolorum sit tenetur dolor. Est eius maiores sint.', '1998-07-29 03:00:54');
INSERT INTO `messages` (`id`, `from_user_id`, `to_user_id`, `body`, `created_at`) VALUES ('90', '12', '8', 'Officia ab tenetur minus quisquam dolore nihil ex. Ea ut animi rem doloremque voluptates voluptatem molestias sed. Itaque ut temporibus ratione ut cupiditate.', '1980-01-15 23:18:14');
INSERT INTO `messages` (`id`, `from_user_id`, `to_user_id`, `body`, `created_at`) VALUES ('91', '1', '97', 'Aliquid dolores voluptatibus corrupti laboriosam vel et similique. Quo quia velit earum debitis nobis asperiores. Ut sed vel nihil sit ducimus molestias. Non beatae cupiditate vitae quos est eum sequi.', '2021-05-29 08:38:48');
INSERT INTO `messages` (`id`, `from_user_id`, `to_user_id`, `body`, `created_at`) VALUES ('92', '42', '18', 'Voluptatem culpa neque distinctio debitis nesciunt. Est et minus ratione neque iusto. Perspiciatis ut aperiam deleniti modi quia odio sunt. Maiores quasi voluptatem provident accusantium et.', '2011-02-03 08:48:19');
INSERT INTO `messages` (`id`, `from_user_id`, `to_user_id`, `body`, `created_at`) VALUES ('93', '3', '83', 'Sunt ut quo soluta et nihil ut. Voluptas odio tempore et consequuntur voluptatem in. Facere maxime alias accusamus harum asperiores natus dolore. Dolor aut nostrum enim velit et.', '2006-03-16 10:57:29');
INSERT INTO `messages` (`id`, `from_user_id`, `to_user_id`, `body`, `created_at`) VALUES ('94', '70', '50', 'In maxime ea esse nesciunt. Quia et incidunt officiis voluptate. Temporibus sed in recusandae itaque.', '2009-01-15 05:58:39');
INSERT INTO `messages` (`id`, `from_user_id`, `to_user_id`, `body`, `created_at`) VALUES ('95', '70', '91', 'Ratione laudantium dolor iure iure velit aut aliquid. Unde ullam nihil ipsum autem amet enim. Fugit labore recusandae voluptatem provident. Sit aut ut id assumenda.', '2017-01-01 09:27:16');
INSERT INTO `messages` (`id`, `from_user_id`, `to_user_id`, `body`, `created_at`) VALUES ('96', '89', '53', 'Pariatur impedit nulla consectetur animi sit aliquid optio. Ea et nobis laudantium omnis dolorum error. Placeat ullam ea tenetur libero laboriosam sint.', '1990-10-06 23:28:02');
INSERT INTO `messages` (`id`, `from_user_id`, `to_user_id`, `body`, `created_at`) VALUES ('97', '65', '89', 'Nobis amet molestias et optio. Doloremque enim veniam dolor aut. Quam sunt voluptas autem ea illum consequuntur. Esse perferendis sequi laboriosam sapiente aut debitis nihil iusto.', '1992-01-18 08:10:07');
INSERT INTO `messages` (`id`, `from_user_id`, `to_user_id`, `body`, `created_at`) VALUES ('98', '90', '62', 'Laudantium sit nostrum quasi itaque. Eveniet consequatur modi necessitatibus ipsa amet accusamus et. Iure quis accusamus praesentium sequi voluptatem aliquam ut. Animi nesciunt ex est accusantium cum sunt. Neque praesentium et vero in.', '2004-06-19 05:14:41');
INSERT INTO `messages` (`id`, `from_user_id`, `to_user_id`, `body`, `created_at`) VALUES ('99', '93', '29', 'Animi dolorum id sit. Fuga doloremque architecto nostrum quisquam dignissimos ut. Ipsa distinctio sint quia aliquam omnis provident.', '1985-10-22 21:41:18');
INSERT INTO `messages` (`id`, `from_user_id`, `to_user_id`, `body`, `created_at`) VALUES ('100', '82', '50', 'Aspernatur autem illum iure veritatis labore. Omnis dicta distinctio tenetur error. Ut illo facere ducimus modi quibusdam. Illum ut rerum minus dicta totam totam iure. Dolorum dolores aut rem quia autem.', '2009-10-15 01:44:38');


#
# TABLE STRUCTURE FOR: photo_albums
#

DROP TABLE IF EXISTS `photo_albums`;

CREATE TABLE `photo_albums` (
  `id` bigint(20) unsigned NOT NULL AUTO_INCREMENT,
  `name` varchar(255) COLLATE utf8mb4_unicode_ci DEFAULT NULL,
  `user_id` bigint(20) unsigned DEFAULT NULL,
  PRIMARY KEY (`id`),
  UNIQUE KEY `id` (`id`),
  KEY `user_id` (`user_id`),
  CONSTRAINT `photo_albums_ibfk_1` FOREIGN KEY (`user_id`) REFERENCES `users` (`id`) ON DELETE SET NULL ON UPDATE CASCADE
) ENGINE=InnoDB AUTO_INCREMENT=101 DEFAULT CHARSET=utf8mb4 COLLATE=utf8mb4_unicode_ci;

INSERT INTO `photo_albums` (`id`, `name`, `user_id`) VALUES ('1', 'perferendis', '71');
INSERT INTO `photo_albums` (`id`, `name`, `user_id`) VALUES ('2', 'cum', '88');
INSERT INTO `photo_albums` (`id`, `name`, `user_id`) VALUES ('3', 'consequatur', '47');
INSERT INTO `photo_albums` (`id`, `name`, `user_id`) VALUES ('4', 'ipsam', '70');
INSERT INTO `photo_albums` (`id`, `name`, `user_id`) VALUES ('5', 'et', '87');
INSERT INTO `photo_albums` (`id`, `name`, `user_id`) VALUES ('6', 'quidem', '84');
INSERT INTO `photo_albums` (`id`, `name`, `user_id`) VALUES ('7', 'nihil', '22');
INSERT INTO `photo_albums` (`id`, `name`, `user_id`) VALUES ('8', 'veniam', '48');
INSERT INTO `photo_albums` (`id`, `name`, `user_id`) VALUES ('9', 'ratione', '58');
INSERT INTO `photo_albums` (`id`, `name`, `user_id`) VALUES ('10', 'dolore', '70');
INSERT INTO `photo_albums` (`id`, `name`, `user_id`) VALUES ('11', 'rerum', '57');
INSERT INTO `photo_albums` (`id`, `name`, `user_id`) VALUES ('12', 'distinctio', '72');
INSERT INTO `photo_albums` (`id`, `name`, `user_id`) VALUES ('13', 'molestiae', '98');
INSERT INTO `photo_albums` (`id`, `name`, `user_id`) VALUES ('14', 'quia', '4');
INSERT INTO `photo_albums` (`id`, `name`, `user_id`) VALUES ('15', 'optio', '9');
INSERT INTO `photo_albums` (`id`, `name`, `user_id`) VALUES ('16', 'aut', '51');
INSERT INTO `photo_albums` (`id`, `name`, `user_id`) VALUES ('17', 'eligendi', '83');
INSERT INTO `photo_albums` (`id`, `name`, `user_id`) VALUES ('18', 'quos', '76');
INSERT INTO `photo_albums` (`id`, `name`, `user_id`) VALUES ('19', 'et', '65');
INSERT INTO `photo_albums` (`id`, `name`, `user_id`) VALUES ('20', 'saepe', '89');
INSERT INTO `photo_albums` (`id`, `name`, `user_id`) VALUES ('21', 'reprehenderit', '14');
INSERT INTO `photo_albums` (`id`, `name`, `user_id`) VALUES ('22', 'saepe', '62');
INSERT INTO `photo_albums` (`id`, `name`, `user_id`) VALUES ('23', 'dolor', '92');
INSERT INTO `photo_albums` (`id`, `name`, `user_id`) VALUES ('24', 'quam', '24');
INSERT INTO `photo_albums` (`id`, `name`, `user_id`) VALUES ('25', 'id', '8');
INSERT INTO `photo_albums` (`id`, `name`, `user_id`) VALUES ('26', 'sunt', '13');
INSERT INTO `photo_albums` (`id`, `name`, `user_id`) VALUES ('27', 'neque', '77');
INSERT INTO `photo_albums` (`id`, `name`, `user_id`) VALUES ('28', 'ut', '98');
INSERT INTO `photo_albums` (`id`, `name`, `user_id`) VALUES ('29', 'iste', '36');
INSERT INTO `photo_albums` (`id`, `name`, `user_id`) VALUES ('30', 'est', '8');
INSERT INTO `photo_albums` (`id`, `name`, `user_id`) VALUES ('31', 'suscipit', '47');
INSERT INTO `photo_albums` (`id`, `name`, `user_id`) VALUES ('32', 'nam', '52');
INSERT INTO `photo_albums` (`id`, `name`, `user_id`) VALUES ('33', 'officia', '93');
INSERT INTO `photo_albums` (`id`, `name`, `user_id`) VALUES ('34', 'non', '53');
INSERT INTO `photo_albums` (`id`, `name`, `user_id`) VALUES ('35', 'praesentium', '24');
INSERT INTO `photo_albums` (`id`, `name`, `user_id`) VALUES ('36', 'fugiat', '3');
INSERT INTO `photo_albums` (`id`, `name`, `user_id`) VALUES ('37', 'porro', '91');
INSERT INTO `photo_albums` (`id`, `name`, `user_id`) VALUES ('38', 'provident', '55');
INSERT INTO `photo_albums` (`id`, `name`, `user_id`) VALUES ('39', 'quas', '99');
INSERT INTO `photo_albums` (`id`, `name`, `user_id`) VALUES ('40', 'reiciendis', '24');
INSERT INTO `photo_albums` (`id`, `name`, `user_id`) VALUES ('41', 'saepe', '95');
INSERT INTO `photo_albums` (`id`, `name`, `user_id`) VALUES ('42', 'voluptatibus', '26');
INSERT INTO `photo_albums` (`id`, `name`, `user_id`) VALUES ('43', 'illum', '71');
INSERT INTO `photo_albums` (`id`, `name`, `user_id`) VALUES ('44', 'et', '65');
INSERT INTO `photo_albums` (`id`, `name`, `user_id`) VALUES ('45', 'repellat', '77');
INSERT INTO `photo_albums` (`id`, `name`, `user_id`) VALUES ('46', 'vel', '41');
INSERT INTO `photo_albums` (`id`, `name`, `user_id`) VALUES ('47', 'qui', '85');
INSERT INTO `photo_albums` (`id`, `name`, `user_id`) VALUES ('48', 'voluptatum', '47');
INSERT INTO `photo_albums` (`id`, `name`, `user_id`) VALUES ('49', 'expedita', '40');
INSERT INTO `photo_albums` (`id`, `name`, `user_id`) VALUES ('50', 'soluta', '99');
INSERT INTO `photo_albums` (`id`, `name`, `user_id`) VALUES ('51', 'officiis', '20');
INSERT INTO `photo_albums` (`id`, `name`, `user_id`) VALUES ('52', 'culpa', '37');
INSERT INTO `photo_albums` (`id`, `name`, `user_id`) VALUES ('53', 'in', '58');
INSERT INTO `photo_albums` (`id`, `name`, `user_id`) VALUES ('54', 'aut', '19');
INSERT INTO `photo_albums` (`id`, `name`, `user_id`) VALUES ('55', 'qui', '7');
INSERT INTO `photo_albums` (`id`, `name`, `user_id`) VALUES ('56', 'magni', '14');
INSERT INTO `photo_albums` (`id`, `name`, `user_id`) VALUES ('57', 'vel', '95');
INSERT INTO `photo_albums` (`id`, `name`, `user_id`) VALUES ('58', 'quo', '13');
INSERT INTO `photo_albums` (`id`, `name`, `user_id`) VALUES ('59', 'ut', '94');
INSERT INTO `photo_albums` (`id`, `name`, `user_id`) VALUES ('60', 'dignissimos', '26');
INSERT INTO `photo_albums` (`id`, `name`, `user_id`) VALUES ('61', 'est', '63');
INSERT INTO `photo_albums` (`id`, `name`, `user_id`) VALUES ('62', 'ullam', '76');
INSERT INTO `photo_albums` (`id`, `name`, `user_id`) VALUES ('63', 'voluptatem', '7');
INSERT INTO `photo_albums` (`id`, `name`, `user_id`) VALUES ('64', 'accusantium', '95');
INSERT INTO `photo_albums` (`id`, `name`, `user_id`) VALUES ('65', 'sunt', '12');
INSERT INTO `photo_albums` (`id`, `name`, `user_id`) VALUES ('66', 'sed', '74');
INSERT INTO `photo_albums` (`id`, `name`, `user_id`) VALUES ('67', 'reiciendis', '75');
INSERT INTO `photo_albums` (`id`, `name`, `user_id`) VALUES ('68', 'quia', '5');
INSERT INTO `photo_albums` (`id`, `name`, `user_id`) VALUES ('69', 'quasi', '5');
INSERT INTO `photo_albums` (`id`, `name`, `user_id`) VALUES ('70', 'et', '48');
INSERT INTO `photo_albums` (`id`, `name`, `user_id`) VALUES ('71', 'omnis', '87');
INSERT INTO `photo_albums` (`id`, `name`, `user_id`) VALUES ('72', 'odio', '47');
INSERT INTO `photo_albums` (`id`, `name`, `user_id`) VALUES ('73', 'fugiat', '39');
INSERT INTO `photo_albums` (`id`, `name`, `user_id`) VALUES ('74', 'expedita', '51');
INSERT INTO `photo_albums` (`id`, `name`, `user_id`) VALUES ('75', 'qui', '2');
INSERT INTO `photo_albums` (`id`, `name`, `user_id`) VALUES ('76', 'doloremque', '96');
INSERT INTO `photo_albums` (`id`, `name`, `user_id`) VALUES ('77', 'et', '74');
INSERT INTO `photo_albums` (`id`, `name`, `user_id`) VALUES ('78', 'facere', '33');
INSERT INTO `photo_albums` (`id`, `name`, `user_id`) VALUES ('79', 'unde', '58');
INSERT INTO `photo_albums` (`id`, `name`, `user_id`) VALUES ('80', 'sint', '90');
INSERT INTO `photo_albums` (`id`, `name`, `user_id`) VALUES ('81', 'consequatur', '30');
INSERT INTO `photo_albums` (`id`, `name`, `user_id`) VALUES ('82', 'qui', '34');
INSERT INTO `photo_albums` (`id`, `name`, `user_id`) VALUES ('83', 'nulla', '30');
INSERT INTO `photo_albums` (`id`, `name`, `user_id`) VALUES ('84', 'esse', '56');
INSERT INTO `photo_albums` (`id`, `name`, `user_id`) VALUES ('85', 'quis', '19');
INSERT INTO `photo_albums` (`id`, `name`, `user_id`) VALUES ('86', 'qui', '27');
INSERT INTO `photo_albums` (`id`, `name`, `user_id`) VALUES ('87', 'quis', '12');
INSERT INTO `photo_albums` (`id`, `name`, `user_id`) VALUES ('88', 'eius', '1');
INSERT INTO `photo_albums` (`id`, `name`, `user_id`) VALUES ('89', 'aut', '41');
INSERT INTO `photo_albums` (`id`, `name`, `user_id`) VALUES ('90', 'est', '75');
INSERT INTO `photo_albums` (`id`, `name`, `user_id`) VALUES ('91', 'dolorem', '80');
INSERT INTO `photo_albums` (`id`, `name`, `user_id`) VALUES ('92', 'eum', '61');
INSERT INTO `photo_albums` (`id`, `name`, `user_id`) VALUES ('93', 'earum', '50');
INSERT INTO `photo_albums` (`id`, `name`, `user_id`) VALUES ('94', 'illum', '57');
INSERT INTO `photo_albums` (`id`, `name`, `user_id`) VALUES ('95', 'ea', '57');
INSERT INTO `photo_albums` (`id`, `name`, `user_id`) VALUES ('96', 'enim', '47');
INSERT INTO `photo_albums` (`id`, `name`, `user_id`) VALUES ('97', 'beatae', '54');
INSERT INTO `photo_albums` (`id`, `name`, `user_id`) VALUES ('98', 'qui', '100');
INSERT INTO `photo_albums` (`id`, `name`, `user_id`) VALUES ('99', 'inventore', '88');
INSERT INTO `photo_albums` (`id`, `name`, `user_id`) VALUES ('100', 'voluptatibus', '40');


#
# TABLE STRUCTURE FOR: photos
#

DROP TABLE IF EXISTS `photos`;

CREATE TABLE `photos` (
  `id` bigint(20) unsigned NOT NULL AUTO_INCREMENT,
  `album_id` bigint(20) unsigned NOT NULL,
  `media_id` bigint(20) unsigned NOT NULL,
  PRIMARY KEY (`id`),
  KEY `album_id` (`album_id`),
  KEY `media_id` (`media_id`),
  CONSTRAINT `photos_ibfk_1` FOREIGN KEY (`album_id`) REFERENCES `photo_albums` (`id`) ON DELETE CASCADE ON UPDATE CASCADE,
  CONSTRAINT `photos_ibfk_2` FOREIGN KEY (`media_id`) REFERENCES `media` (`id`) ON DELETE CASCADE ON UPDATE CASCADE
) ENGINE=InnoDB AUTO_INCREMENT=101 DEFAULT CHARSET=utf8mb4 COLLATE=utf8mb4_unicode_ci;

INSERT INTO `photos` (`id`, `album_id`, `media_id`) VALUES ('1', '97', '1');
INSERT INTO `photos` (`id`, `album_id`, `media_id`) VALUES ('2', '42', '2');
INSERT INTO `photos` (`id`, `album_id`, `media_id`) VALUES ('3', '84', '3');
INSERT INTO `photos` (`id`, `album_id`, `media_id`) VALUES ('4', '72', '4');
INSERT INTO `photos` (`id`, `album_id`, `media_id`) VALUES ('5', '11', '5');
INSERT INTO `photos` (`id`, `album_id`, `media_id`) VALUES ('6', '67', '6');
INSERT INTO `photos` (`id`, `album_id`, `media_id`) VALUES ('7', '94', '7');
INSERT INTO `photos` (`id`, `album_id`, `media_id`) VALUES ('8', '70', '8');
INSERT INTO `photos` (`id`, `album_id`, `media_id`) VALUES ('9', '11', '9');
INSERT INTO `photos` (`id`, `album_id`, `media_id`) VALUES ('10', '20', '10');
INSERT INTO `photos` (`id`, `album_id`, `media_id`) VALUES ('11', '59', '11');
INSERT INTO `photos` (`id`, `album_id`, `media_id`) VALUES ('12', '22', '12');
INSERT INTO `photos` (`id`, `album_id`, `media_id`) VALUES ('13', '8', '13');
INSERT INTO `photos` (`id`, `album_id`, `media_id`) VALUES ('14', '43', '14');
INSERT INTO `photos` (`id`, `album_id`, `media_id`) VALUES ('15', '95', '15');
INSERT INTO `photos` (`id`, `album_id`, `media_id`) VALUES ('16', '76', '16');
INSERT INTO `photos` (`id`, `album_id`, `media_id`) VALUES ('17', '35', '17');
INSERT INTO `photos` (`id`, `album_id`, `media_id`) VALUES ('18', '60', '18');
INSERT INTO `photos` (`id`, `album_id`, `media_id`) VALUES ('19', '14', '19');
INSERT INTO `photos` (`id`, `album_id`, `media_id`) VALUES ('20', '79', '20');
INSERT INTO `photos` (`id`, `album_id`, `media_id`) VALUES ('21', '34', '21');
INSERT INTO `photos` (`id`, `album_id`, `media_id`) VALUES ('22', '45', '22');
INSERT INTO `photos` (`id`, `album_id`, `media_id`) VALUES ('23', '68', '23');
INSERT INTO `photos` (`id`, `album_id`, `media_id`) VALUES ('24', '74', '24');
INSERT INTO `photos` (`id`, `album_id`, `media_id`) VALUES ('25', '49', '25');
INSERT INTO `photos` (`id`, `album_id`, `media_id`) VALUES ('26', '59', '26');
INSERT INTO `photos` (`id`, `album_id`, `media_id`) VALUES ('27', '61', '27');
INSERT INTO `photos` (`id`, `album_id`, `media_id`) VALUES ('28', '100', '28');
INSERT INTO `photos` (`id`, `album_id`, `media_id`) VALUES ('29', '28', '29');
INSERT INTO `photos` (`id`, `album_id`, `media_id`) VALUES ('30', '12', '30');
INSERT INTO `photos` (`id`, `album_id`, `media_id`) VALUES ('31', '50', '31');
INSERT INTO `photos` (`id`, `album_id`, `media_id`) VALUES ('32', '76', '32');
INSERT INTO `photos` (`id`, `album_id`, `media_id`) VALUES ('33', '99', '33');
INSERT INTO `photos` (`id`, `album_id`, `media_id`) VALUES ('34', '15', '34');
INSERT INTO `photos` (`id`, `album_id`, `media_id`) VALUES ('35', '35', '35');
INSERT INTO `photos` (`id`, `album_id`, `media_id`) VALUES ('36', '76', '36');
INSERT INTO `photos` (`id`, `album_id`, `media_id`) VALUES ('37', '25', '37');
INSERT INTO `photos` (`id`, `album_id`, `media_id`) VALUES ('38', '69', '38');
INSERT INTO `photos` (`id`, `album_id`, `media_id`) VALUES ('39', '85', '39');
INSERT INTO `photos` (`id`, `album_id`, `media_id`) VALUES ('40', '67', '40');
INSERT INTO `photos` (`id`, `album_id`, `media_id`) VALUES ('41', '77', '41');
INSERT INTO `photos` (`id`, `album_id`, `media_id`) VALUES ('42', '22', '42');
INSERT INTO `photos` (`id`, `album_id`, `media_id`) VALUES ('43', '14', '43');
INSERT INTO `photos` (`id`, `album_id`, `media_id`) VALUES ('44', '17', '44');
INSERT INTO `photos` (`id`, `album_id`, `media_id`) VALUES ('45', '95', '45');
INSERT INTO `photos` (`id`, `album_id`, `media_id`) VALUES ('46', '65', '46');
INSERT INTO `photos` (`id`, `album_id`, `media_id`) VALUES ('47', '94', '47');
INSERT INTO `photos` (`id`, `album_id`, `media_id`) VALUES ('48', '59', '48');
INSERT INTO `photos` (`id`, `album_id`, `media_id`) VALUES ('49', '60', '49');
INSERT INTO `photos` (`id`, `album_id`, `media_id`) VALUES ('50', '57', '50');
INSERT INTO `photos` (`id`, `album_id`, `media_id`) VALUES ('51', '7', '51');
INSERT INTO `photos` (`id`, `album_id`, `media_id`) VALUES ('52', '78', '52');
INSERT INTO `photos` (`id`, `album_id`, `media_id`) VALUES ('53', '85', '53');
INSERT INTO `photos` (`id`, `album_id`, `media_id`) VALUES ('54', '32', '54');
INSERT INTO `photos` (`id`, `album_id`, `media_id`) VALUES ('55', '19', '55');
INSERT INTO `photos` (`id`, `album_id`, `media_id`) VALUES ('56', '13', '56');
INSERT INTO `photos` (`id`, `album_id`, `media_id`) VALUES ('57', '80', '57');
INSERT INTO `photos` (`id`, `album_id`, `media_id`) VALUES ('58', '76', '58');
INSERT INTO `photos` (`id`, `album_id`, `media_id`) VALUES ('59', '54', '59');
INSERT INTO `photos` (`id`, `album_id`, `media_id`) VALUES ('60', '95', '60');
INSERT INTO `photos` (`id`, `album_id`, `media_id`) VALUES ('61', '87', '61');
INSERT INTO `photos` (`id`, `album_id`, `media_id`) VALUES ('62', '40', '62');
INSERT INTO `photos` (`id`, `album_id`, `media_id`) VALUES ('63', '62', '63');
INSERT INTO `photos` (`id`, `album_id`, `media_id`) VALUES ('64', '86', '64');
INSERT INTO `photos` (`id`, `album_id`, `media_id`) VALUES ('65', '54', '65');
INSERT INTO `photos` (`id`, `album_id`, `media_id`) VALUES ('66', '54', '66');
INSERT INTO `photos` (`id`, `album_id`, `media_id`) VALUES ('67', '94', '67');
INSERT INTO `photos` (`id`, `album_id`, `media_id`) VALUES ('68', '7', '68');
INSERT INTO `photos` (`id`, `album_id`, `media_id`) VALUES ('69', '62', '69');
INSERT INTO `photos` (`id`, `album_id`, `media_id`) VALUES ('70', '72', '70');
INSERT INTO `photos` (`id`, `album_id`, `media_id`) VALUES ('71', '97', '71');
INSERT INTO `photos` (`id`, `album_id`, `media_id`) VALUES ('72', '56', '72');
INSERT INTO `photos` (`id`, `album_id`, `media_id`) VALUES ('73', '93', '73');
INSERT INTO `photos` (`id`, `album_id`, `media_id`) VALUES ('74', '24', '74');
INSERT INTO `photos` (`id`, `album_id`, `media_id`) VALUES ('75', '56', '75');
INSERT INTO `photos` (`id`, `album_id`, `media_id`) VALUES ('76', '81', '76');
INSERT INTO `photos` (`id`, `album_id`, `media_id`) VALUES ('77', '20', '77');
INSERT INTO `photos` (`id`, `album_id`, `media_id`) VALUES ('78', '85', '78');
INSERT INTO `photos` (`id`, `album_id`, `media_id`) VALUES ('79', '63', '79');
INSERT INTO `photos` (`id`, `album_id`, `media_id`) VALUES ('80', '37', '80');
INSERT INTO `photos` (`id`, `album_id`, `media_id`) VALUES ('81', '50', '81');
INSERT INTO `photos` (`id`, `album_id`, `media_id`) VALUES ('82', '79', '82');
INSERT INTO `photos` (`id`, `album_id`, `media_id`) VALUES ('83', '100', '83');
INSERT INTO `photos` (`id`, `album_id`, `media_id`) VALUES ('84', '2', '84');
INSERT INTO `photos` (`id`, `album_id`, `media_id`) VALUES ('85', '83', '85');
INSERT INTO `photos` (`id`, `album_id`, `media_id`) VALUES ('86', '27', '86');
INSERT INTO `photos` (`id`, `album_id`, `media_id`) VALUES ('87', '10', '87');
INSERT INTO `photos` (`id`, `album_id`, `media_id`) VALUES ('88', '70', '88');
INSERT INTO `photos` (`id`, `album_id`, `media_id`) VALUES ('89', '34', '89');
INSERT INTO `photos` (`id`, `album_id`, `media_id`) VALUES ('90', '32', '90');
INSERT INTO `photos` (`id`, `album_id`, `media_id`) VALUES ('91', '56', '91');
INSERT INTO `photos` (`id`, `album_id`, `media_id`) VALUES ('92', '10', '92');
INSERT INTO `photos` (`id`, `album_id`, `media_id`) VALUES ('93', '7', '93');
INSERT INTO `photos` (`id`, `album_id`, `media_id`) VALUES ('94', '9', '94');
INSERT INTO `photos` (`id`, `album_id`, `media_id`) VALUES ('95', '37', '95');
INSERT INTO `photos` (`id`, `album_id`, `media_id`) VALUES ('96', '42', '96');
INSERT INTO `photos` (`id`, `album_id`, `media_id`) VALUES ('97', '16', '97');
INSERT INTO `photos` (`id`, `album_id`, `media_id`) VALUES ('98', '66', '98');
INSERT INTO `photos` (`id`, `album_id`, `media_id`) VALUES ('99', '2', '99');
INSERT INTO `photos` (`id`, `album_id`, `media_id`) VALUES ('100', '59', '100');


#
# TABLE STRUCTURE FOR: profiles
#

DROP TABLE IF EXISTS `profiles`;

CREATE TABLE `profiles` (
  `user_id` bigint(20) unsigned NOT NULL AUTO_INCREMENT,
  `gender` char(1) COLLATE utf8mb4_unicode_ci DEFAULT NULL,
  `birthday` date DEFAULT NULL,
  `photo_id` bigint(20) unsigned DEFAULT NULL,
  `created_at` datetime DEFAULT current_timestamp(),
  `hometown` varchar(100) COLLATE utf8mb4_unicode_ci DEFAULT NULL,
  PRIMARY KEY (`user_id`),
  KEY `fk_photo_id` (`photo_id`),
  CONSTRAINT `fk_photo_id` FOREIGN KEY (`photo_id`) REFERENCES `photos` (`id`) ON DELETE SET NULL ON UPDATE CASCADE,
  CONSTRAINT `fk_user_id` FOREIGN KEY (`user_id`) REFERENCES `users` (`id`) ON DELETE CASCADE ON UPDATE CASCADE
) ENGINE=InnoDB AUTO_INCREMENT=101 DEFAULT CHARSET=utf8mb4 COLLATE=utf8mb4_unicode_ci;

INSERT INTO `profiles` (`user_id`, `gender`, `birthday`, `photo_id`, `created_at`, `hometown`) VALUES ('1', 'm', '1973-08-04', '2', '1979-01-11 19:15:12', 'East Barbara');
INSERT INTO `profiles` (`user_id`, `gender`, `birthday`, `photo_id`, `created_at`, `hometown`) VALUES ('2', 'm', '2011-08-29', '8', '1981-10-08 17:47:08', 'Mikaylaburgh');
INSERT INTO `profiles` (`user_id`, `gender`, `birthday`, `photo_id`, `created_at`, `hometown`) VALUES ('3', 'm', '2006-06-10', '13', '1996-03-26 07:01:07', 'East Elyse');
INSERT INTO `profiles` (`user_id`, `gender`, `birthday`, `photo_id`, `created_at`, `hometown`) VALUES ('4', 'm', '1973-02-27', '97', '1984-02-20 12:27:15', 'North Rafaeltown');
INSERT INTO `profiles` (`user_id`, `gender`, `birthday`, `photo_id`, `created_at`, `hometown`) VALUES ('5', 'm', '1995-05-26', '25', '1990-06-22 04:15:40', 'Monashire');
INSERT INTO `profiles` (`user_id`, `gender`, `birthday`, `photo_id`, `created_at`, `hometown`) VALUES ('6', 'm', '2019-12-12', '17', '1990-10-06 15:32:13', 'West Elwintown');
INSERT INTO `profiles` (`user_id`, `gender`, `birthday`, `photo_id`, `created_at`, `hometown`) VALUES ('7', 'f', '2023-02-14', '84', '2015-04-07 16:05:25', 'South Marianneburgh');
INSERT INTO `profiles` (`user_id`, `gender`, `birthday`, `photo_id`, `created_at`, `hometown`) VALUES ('8', 'm', '1995-10-24', '9', '2000-11-07 22:47:09', 'Emmanuelletown');
INSERT INTO `profiles` (`user_id`, `gender`, `birthday`, `photo_id`, `created_at`, `hometown`) VALUES ('9', 'f', '2009-07-26', '44', '2011-05-28 04:30:39', 'Swiftport');
INSERT INTO `profiles` (`user_id`, `gender`, `birthday`, `photo_id`, `created_at`, `hometown`) VALUES ('10', 'f', '1980-03-17', '64', '2003-10-08 06:26:28', 'North Audieville');
INSERT INTO `profiles` (`user_id`, `gender`, `birthday`, `photo_id`, `created_at`, `hometown`) VALUES ('11', 'f', '2008-11-07', '34', '2001-01-05 00:42:54', 'Port Giovannyborough');
INSERT INTO `profiles` (`user_id`, `gender`, `birthday`, `photo_id`, `created_at`, `hometown`) VALUES ('12', 'f', '2006-05-27', '27', '1992-07-16 22:03:40', 'South Lurline');
INSERT INTO `profiles` (`user_id`, `gender`, `birthday`, `photo_id`, `created_at`, `hometown`) VALUES ('13', 'm', '1991-05-27', '100', '2001-03-22 19:57:46', 'Terryhaven');
INSERT INTO `profiles` (`user_id`, `gender`, `birthday`, `photo_id`, `created_at`, `hometown`) VALUES ('14', 'f', '2016-04-23', '10', '2000-10-05 04:57:18', 'Haskellshire');
INSERT INTO `profiles` (`user_id`, `gender`, `birthday`, `photo_id`, `created_at`, `hometown`) VALUES ('15', 'f', '2000-07-07', '50', '2005-02-01 02:18:01', 'Port Francesca');
INSERT INTO `profiles` (`user_id`, `gender`, `birthday`, `photo_id`, `created_at`, `hometown`) VALUES ('16', 'm', '1995-02-01', '12', '2005-07-02 06:26:09', 'New Sethport');
INSERT INTO `profiles` (`user_id`, `gender`, `birthday`, `photo_id`, `created_at`, `hometown`) VALUES ('17', 'f', '2020-04-20', '56', '1995-11-29 17:24:24', 'South Parker');
INSERT INTO `profiles` (`user_id`, `gender`, `birthday`, `photo_id`, `created_at`, `hometown`) VALUES ('18', 'm', '2007-11-27', '17', '1980-07-02 11:20:16', 'East Alizeside');
INSERT INTO `profiles` (`user_id`, `gender`, `birthday`, `photo_id`, `created_at`, `hometown`) VALUES ('19', 'm', '2022-02-26', '76', '1997-06-14 13:48:26', 'West Chadrick');
INSERT INTO `profiles` (`user_id`, `gender`, `birthday`, `photo_id`, `created_at`, `hometown`) VALUES ('20', 'm', '2015-11-25', '49', '2003-07-22 21:18:28', 'Yundtshire');
INSERT INTO `profiles` (`user_id`, `gender`, `birthday`, `photo_id`, `created_at`, `hometown`) VALUES ('21', 'm', '2004-08-28', '22', '1983-05-25 15:38:38', 'East Keelyhaven');
INSERT INTO `profiles` (`user_id`, `gender`, `birthday`, `photo_id`, `created_at`, `hometown`) VALUES ('22', 'f', '1972-07-08', '96', '2007-09-23 21:03:59', 'Port Mossiemouth');
INSERT INTO `profiles` (`user_id`, `gender`, `birthday`, `photo_id`, `created_at`, `hometown`) VALUES ('23', 'f', '2009-08-27', '55', '1995-11-08 20:34:55', 'Lake Maci');
INSERT INTO `profiles` (`user_id`, `gender`, `birthday`, `photo_id`, `created_at`, `hometown`) VALUES ('24', 'f', '2011-09-15', '25', '1985-03-21 09:56:50', 'Willmstown');
INSERT INTO `profiles` (`user_id`, `gender`, `birthday`, `photo_id`, `created_at`, `hometown`) VALUES ('25', 'm', '1984-10-23', '86', '2010-02-15 04:01:47', 'Bodeside');
INSERT INTO `profiles` (`user_id`, `gender`, `birthday`, `photo_id`, `created_at`, `hometown`) VALUES ('26', 'm', '1993-05-07', '3', '1997-07-31 20:34:05', 'Lake Blake');
INSERT INTO `profiles` (`user_id`, `gender`, `birthday`, `photo_id`, `created_at`, `hometown`) VALUES ('27', 'f', '1995-09-21', '55', '2008-06-06 22:09:33', 'Adonisville');
INSERT INTO `profiles` (`user_id`, `gender`, `birthday`, `photo_id`, `created_at`, `hometown`) VALUES ('28', 'm', '1979-09-30', '80', '2007-03-01 12:16:50', 'South Mylene');
INSERT INTO `profiles` (`user_id`, `gender`, `birthday`, `photo_id`, `created_at`, `hometown`) VALUES ('29', 'f', '2022-01-02', '78', '1973-11-29 16:14:19', 'Lake Lorenzo');
INSERT INTO `profiles` (`user_id`, `gender`, `birthday`, `photo_id`, `created_at`, `hometown`) VALUES ('30', 'm', '2010-06-19', '94', '1995-04-03 19:32:15', 'Mariannaborough');
INSERT INTO `profiles` (`user_id`, `gender`, `birthday`, `photo_id`, `created_at`, `hometown`) VALUES ('31', 'm', '2002-12-01', '43', '1997-03-24 08:28:40', 'Swaniawskihaven');
INSERT INTO `profiles` (`user_id`, `gender`, `birthday`, `photo_id`, `created_at`, `hometown`) VALUES ('32', 'f', '1999-11-14', '65', '2004-05-31 08:20:40', 'Ruthieport');
INSERT INTO `profiles` (`user_id`, `gender`, `birthday`, `photo_id`, `created_at`, `hometown`) VALUES ('33', 'f', '1998-05-13', '13', '1975-02-02 04:56:48', 'South Jenniehaven');
INSERT INTO `profiles` (`user_id`, `gender`, `birthday`, `photo_id`, `created_at`, `hometown`) VALUES ('34', 'm', '1981-01-21', '58', '2005-07-01 09:36:01', 'Fadelburgh');
INSERT INTO `profiles` (`user_id`, `gender`, `birthday`, `photo_id`, `created_at`, `hometown`) VALUES ('35', 'm', '1991-08-23', '47', '1995-05-04 23:32:03', 'Lednerborough');
INSERT INTO `profiles` (`user_id`, `gender`, `birthday`, `photo_id`, `created_at`, `hometown`) VALUES ('36', 'm', '2014-08-17', '12', '2003-12-07 01:38:42', 'New Wendyland');
INSERT INTO `profiles` (`user_id`, `gender`, `birthday`, `photo_id`, `created_at`, `hometown`) VALUES ('37', 'f', '1979-05-01', '97', '1989-06-29 21:11:47', 'East Godfrey');
INSERT INTO `profiles` (`user_id`, `gender`, `birthday`, `photo_id`, `created_at`, `hometown`) VALUES ('38', 'f', '1999-04-22', '88', '2009-11-06 22:10:18', 'Alfredofurt');
INSERT INTO `profiles` (`user_id`, `gender`, `birthday`, `photo_id`, `created_at`, `hometown`) VALUES ('39', 'm', '2018-03-12', '82', '1983-11-02 09:22:49', 'New Zoe');
INSERT INTO `profiles` (`user_id`, `gender`, `birthday`, `photo_id`, `created_at`, `hometown`) VALUES ('40', 'f', '1990-01-30', '42', '2019-12-03 22:51:35', 'Hettiebury');
INSERT INTO `profiles` (`user_id`, `gender`, `birthday`, `photo_id`, `created_at`, `hometown`) VALUES ('41', 'f', '2011-04-20', '73', '1977-04-26 20:07:36', 'North Modestoburgh');
INSERT INTO `profiles` (`user_id`, `gender`, `birthday`, `photo_id`, `created_at`, `hometown`) VALUES ('42', 'f', '2002-09-14', '99', '1986-11-07 04:58:11', 'Luettgenfort');
INSERT INTO `profiles` (`user_id`, `gender`, `birthday`, `photo_id`, `created_at`, `hometown`) VALUES ('43', 'm', '2020-08-23', '80', '2004-04-29 15:44:04', 'Port Loistown');
INSERT INTO `profiles` (`user_id`, `gender`, `birthday`, `photo_id`, `created_at`, `hometown`) VALUES ('44', 'f', '2022-01-02', '9', '2020-07-11 08:43:37', 'East Fridamouth');
INSERT INTO `profiles` (`user_id`, `gender`, `birthday`, `photo_id`, `created_at`, `hometown`) VALUES ('45', 'f', '1972-10-23', '42', '1991-05-14 21:39:43', 'West Tad');
INSERT INTO `profiles` (`user_id`, `gender`, `birthday`, `photo_id`, `created_at`, `hometown`) VALUES ('46', 'f', '2010-09-06', '57', '2020-02-06 23:22:17', 'Narcisoville');
INSERT INTO `profiles` (`user_id`, `gender`, `birthday`, `photo_id`, `created_at`, `hometown`) VALUES ('47', 'f', '1977-07-15', '66', '2007-11-13 18:52:55', 'Lake Kennith');
INSERT INTO `profiles` (`user_id`, `gender`, `birthday`, `photo_id`, `created_at`, `hometown`) VALUES ('48', 'm', '2002-10-09', '58', '2005-08-22 09:21:18', 'West Christophe');
INSERT INTO `profiles` (`user_id`, `gender`, `birthday`, `photo_id`, `created_at`, `hometown`) VALUES ('49', 'f', '2006-11-30', '39', '1991-12-22 15:51:35', 'North Ross');
INSERT INTO `profiles` (`user_id`, `gender`, `birthday`, `photo_id`, `created_at`, `hometown`) VALUES ('50', 'm', '1979-12-24', '4', '2014-01-13 04:32:30', 'Daughertymouth');
INSERT INTO `profiles` (`user_id`, `gender`, `birthday`, `photo_id`, `created_at`, `hometown`) VALUES ('51', 'm', '1972-02-14', '48', '2002-04-15 19:50:09', 'New Juliana');
INSERT INTO `profiles` (`user_id`, `gender`, `birthday`, `photo_id`, `created_at`, `hometown`) VALUES ('52', 'f', '2012-04-10', '98', '1979-10-27 02:53:31', 'Lake Stephaniastad');
INSERT INTO `profiles` (`user_id`, `gender`, `birthday`, `photo_id`, `created_at`, `hometown`) VALUES ('53', 'm', '2008-02-18', '68', '2017-07-08 05:02:10', 'East Adele');
INSERT INTO `profiles` (`user_id`, `gender`, `birthday`, `photo_id`, `created_at`, `hometown`) VALUES ('54', 'f', '2021-07-07', '98', '1984-02-08 05:31:31', 'Thompsonborough');
INSERT INTO `profiles` (`user_id`, `gender`, `birthday`, `photo_id`, `created_at`, `hometown`) VALUES ('55', 'm', '2008-01-16', '69', '1973-12-07 04:38:53', 'North Joesph');
INSERT INTO `profiles` (`user_id`, `gender`, `birthday`, `photo_id`, `created_at`, `hometown`) VALUES ('56', 'm', '1983-03-03', '58', '1983-07-21 16:21:30', 'North Abdullahton');
INSERT INTO `profiles` (`user_id`, `gender`, `birthday`, `photo_id`, `created_at`, `hometown`) VALUES ('57', 'm', '2001-01-20', '20', '1994-09-21 09:54:50', 'East Lily');
INSERT INTO `profiles` (`user_id`, `gender`, `birthday`, `photo_id`, `created_at`, `hometown`) VALUES ('58', 'm', '2005-09-06', '84', '1997-02-03 02:14:36', 'Alannahaven');
INSERT INTO `profiles` (`user_id`, `gender`, `birthday`, `photo_id`, `created_at`, `hometown`) VALUES ('59', 'm', '2014-07-04', '21', '1994-08-20 04:41:12', 'Luzstad');
INSERT INTO `profiles` (`user_id`, `gender`, `birthday`, `photo_id`, `created_at`, `hometown`) VALUES ('60', 'm', '2007-10-10', '3', '2015-05-04 00:31:53', 'Jadaland');
INSERT INTO `profiles` (`user_id`, `gender`, `birthday`, `photo_id`, `created_at`, `hometown`) VALUES ('61', 'm', '1996-09-17', '18', '1999-03-11 23:09:18', 'Gardnerburgh');
INSERT INTO `profiles` (`user_id`, `gender`, `birthday`, `photo_id`, `created_at`, `hometown`) VALUES ('62', 'f', '2012-08-05', '53', '2021-10-22 23:34:44', 'Larkinchester');
INSERT INTO `profiles` (`user_id`, `gender`, `birthday`, `photo_id`, `created_at`, `hometown`) VALUES ('63', 'm', '2005-12-26', '12', '1978-10-04 13:51:31', 'East Sierraland');
INSERT INTO `profiles` (`user_id`, `gender`, `birthday`, `photo_id`, `created_at`, `hometown`) VALUES ('64', 'f', '1994-02-26', '59', '2009-07-03 17:26:50', 'Cruickshankmouth');
INSERT INTO `profiles` (`user_id`, `gender`, `birthday`, `photo_id`, `created_at`, `hometown`) VALUES ('65', 'f', '2019-12-12', '65', '2019-09-18 04:21:00', 'East Erica');
INSERT INTO `profiles` (`user_id`, `gender`, `birthday`, `photo_id`, `created_at`, `hometown`) VALUES ('66', 'm', '1972-10-08', '67', '1978-08-20 06:37:45', 'Jairofurt');
INSERT INTO `profiles` (`user_id`, `gender`, `birthday`, `photo_id`, `created_at`, `hometown`) VALUES ('67', 'm', '1978-10-14', '12', '2012-04-05 18:21:57', 'Port Libby');
INSERT INTO `profiles` (`user_id`, `gender`, `birthday`, `photo_id`, `created_at`, `hometown`) VALUES ('68', 'f', '2000-08-15', '71', '1984-01-25 05:37:40', 'Lake Houstonstad');
INSERT INTO `profiles` (`user_id`, `gender`, `birthday`, `photo_id`, `created_at`, `hometown`) VALUES ('69', 'f', '2009-01-15', '71', '2021-05-01 04:02:05', 'North Lucindaport');
INSERT INTO `profiles` (`user_id`, `gender`, `birthday`, `photo_id`, `created_at`, `hometown`) VALUES ('70', 'm', '2003-09-26', '53', '1994-12-05 07:30:48', 'Roelbury');
INSERT INTO `profiles` (`user_id`, `gender`, `birthday`, `photo_id`, `created_at`, `hometown`) VALUES ('71', 'm', '2007-02-13', '35', '1997-06-25 00:15:22', 'Traceburgh');
INSERT INTO `profiles` (`user_id`, `gender`, `birthday`, `photo_id`, `created_at`, `hometown`) VALUES ('72', 'm', '1986-04-09', '22', '1970-08-09 12:01:04', 'Rosalindville');
INSERT INTO `profiles` (`user_id`, `gender`, `birthday`, `photo_id`, `created_at`, `hometown`) VALUES ('73', 'f', '2015-09-05', '43', '1997-05-30 04:38:51', 'East Jarrelltown');
INSERT INTO `profiles` (`user_id`, `gender`, `birthday`, `photo_id`, `created_at`, `hometown`) VALUES ('74', 'f', '1993-10-01', '47', '1992-09-24 22:55:36', 'West Devynton');
INSERT INTO `profiles` (`user_id`, `gender`, `birthday`, `photo_id`, `created_at`, `hometown`) VALUES ('75', 'f', '2007-07-07', '32', '2002-04-10 14:16:12', 'Robeltown');
INSERT INTO `profiles` (`user_id`, `gender`, `birthday`, `photo_id`, `created_at`, `hometown`) VALUES ('76', 'f', '2018-11-23', '42', '1990-03-24 11:24:15', 'East Jonas');
INSERT INTO `profiles` (`user_id`, `gender`, `birthday`, `photo_id`, `created_at`, `hometown`) VALUES ('77', 'm', '1989-01-31', '95', '2020-06-01 08:25:04', 'South Jean');
INSERT INTO `profiles` (`user_id`, `gender`, `birthday`, `photo_id`, `created_at`, `hometown`) VALUES ('78', 'f', '1982-09-11', '11', '2007-04-06 03:38:41', 'Port Felicity');
INSERT INTO `profiles` (`user_id`, `gender`, `birthday`, `photo_id`, `created_at`, `hometown`) VALUES ('79', 'm', '1974-07-24', '44', '1979-12-11 14:45:01', 'West Garret');
INSERT INTO `profiles` (`user_id`, `gender`, `birthday`, `photo_id`, `created_at`, `hometown`) VALUES ('80', 'f', '1971-10-02', '13', '1978-02-23 12:45:47', 'Port Jeanneview');
INSERT INTO `profiles` (`user_id`, `gender`, `birthday`, `photo_id`, `created_at`, `hometown`) VALUES ('81', 'm', '2022-10-25', '15', '2000-05-23 16:57:04', 'Paucekville');
INSERT INTO `profiles` (`user_id`, `gender`, `birthday`, `photo_id`, `created_at`, `hometown`) VALUES ('82', 'f', '1986-12-27', '85', '1990-09-12 09:09:15', 'South Pansyton');
INSERT INTO `profiles` (`user_id`, `gender`, `birthday`, `photo_id`, `created_at`, `hometown`) VALUES ('83', 'f', '1988-07-28', '45', '1985-10-05 10:29:07', 'West Rheabury');
INSERT INTO `profiles` (`user_id`, `gender`, `birthday`, `photo_id`, `created_at`, `hometown`) VALUES ('84', 'm', '1978-01-20', '63', '2007-12-22 07:55:30', 'Jeffrystad');
INSERT INTO `profiles` (`user_id`, `gender`, `birthday`, `photo_id`, `created_at`, `hometown`) VALUES ('85', 'f', '1990-02-01', '89', '2018-08-30 00:13:11', 'Cartwrightland');
INSERT INTO `profiles` (`user_id`, `gender`, `birthday`, `photo_id`, `created_at`, `hometown`) VALUES ('86', 'm', '1985-02-24', '2', '2005-06-29 05:55:41', 'Alanside');
INSERT INTO `profiles` (`user_id`, `gender`, `birthday`, `photo_id`, `created_at`, `hometown`) VALUES ('87', 'f', '2020-05-22', '64', '2003-05-16 21:04:45', 'Kaitlynton');
INSERT INTO `profiles` (`user_id`, `gender`, `birthday`, `photo_id`, `created_at`, `hometown`) VALUES ('88', 'f', '1994-01-08', '14', '1987-04-01 14:36:45', 'Orrinview');
INSERT INTO `profiles` (`user_id`, `gender`, `birthday`, `photo_id`, `created_at`, `hometown`) VALUES ('89', 'm', '2016-09-26', '96', '2006-08-07 08:24:04', 'East Celiastad');
INSERT INTO `profiles` (`user_id`, `gender`, `birthday`, `photo_id`, `created_at`, `hometown`) VALUES ('90', 'f', '2019-10-10', '52', '1986-05-08 14:49:10', 'Eveburgh');
INSERT INTO `profiles` (`user_id`, `gender`, `birthday`, `photo_id`, `created_at`, `hometown`) VALUES ('91', 'm', '1977-09-28', '67', '1970-03-16 00:29:26', 'Hansentown');
INSERT INTO `profiles` (`user_id`, `gender`, `birthday`, `photo_id`, `created_at`, `hometown`) VALUES ('92', 'f', '1995-11-15', '46', '1983-02-15 08:18:04', 'South Brentmouth');
INSERT INTO `profiles` (`user_id`, `gender`, `birthday`, `photo_id`, `created_at`, `hometown`) VALUES ('93', 'm', '2007-11-11', '94', '1984-10-07 15:47:38', 'Adalineshire');
INSERT INTO `profiles` (`user_id`, `gender`, `birthday`, `photo_id`, `created_at`, `hometown`) VALUES ('94', 'm', '1994-03-07', '90', '2015-05-16 19:21:45', 'Dickinsonchester');
INSERT INTO `profiles` (`user_id`, `gender`, `birthday`, `photo_id`, `created_at`, `hometown`) VALUES ('95', 'f', '1980-01-29', '8', '2014-01-24 18:05:50', 'Bettieton');
INSERT INTO `profiles` (`user_id`, `gender`, `birthday`, `photo_id`, `created_at`, `hometown`) VALUES ('96', 'm', '2010-04-23', '19', '1975-06-23 11:31:27', 'East Pinkiefurt');
INSERT INTO `profiles` (`user_id`, `gender`, `birthday`, `photo_id`, `created_at`, `hometown`) VALUES ('97', 'f', '2016-08-27', '11', '1982-12-10 19:12:53', 'Parisianport');
INSERT INTO `profiles` (`user_id`, `gender`, `birthday`, `photo_id`, `created_at`, `hometown`) VALUES ('98', 'm', '1977-12-29', '73', '1985-07-14 19:12:38', 'North Donnie');
INSERT INTO `profiles` (`user_id`, `gender`, `birthday`, `photo_id`, `created_at`, `hometown`) VALUES ('99', 'm', '2020-05-30', '44', '2017-04-30 03:20:28', 'McDermottbury');
INSERT INTO `profiles` (`user_id`, `gender`, `birthday`, `photo_id`, `created_at`, `hometown`) VALUES ('100', 'f', '2014-04-11', '81', '2007-03-25 12:28:46', 'Tessiechester');


#
# TABLE STRUCTURE FOR: users
#

DROP TABLE IF EXISTS `users`;

CREATE TABLE `users` (
  `id` bigint(20) unsigned NOT NULL AUTO_INCREMENT,
  `firstname` varchar(100) COLLATE utf8mb4_unicode_ci DEFAULT NULL,
  `lastname` varchar(100) COLLATE utf8mb4_unicode_ci DEFAULT NULL COMMENT '',
  `email` varchar(100) COLLATE utf8mb4_unicode_ci DEFAULT NULL,
  `password_hash` varchar(100) COLLATE utf8mb4_unicode_ci DEFAULT NULL,
  `phone` bigint(20) DEFAULT NULL,
  `is_deleted` bit(1) DEFAULT b'0',
  PRIMARY KEY (`id`),
  UNIQUE KEY `email` (`email`),
  KEY `users_firstname_lastname_idx` (`firstname`,`lastname`)
) ENGINE=InnoDB AUTO_INCREMENT=101 DEFAULT CHARSET=utf8mb4 COLLATE=utf8mb4_unicode_ci;

INSERT INTO `users` (`id`, `firstname`, `lastname`, `email`, `password_hash`, `phone`, `is_deleted`) VALUES ('1', 'Royce', 'Waters', 'vschmitt@example.net', '4293b682689f84bacbfc3571e10a5b0e5a74c59c', '33016791656', '0');
INSERT INTO `users` (`id`, `firstname`, `lastname`, `email`, `password_hash`, `phone`, `is_deleted`) VALUES ('2', 'Lisette', 'Cole', 'jazmyne58@example.org', '1c33f586c731c328f458a8a702aa5d6eb6b3ba99', '69225871881', '0');
INSERT INTO `users` (`id`, `firstname`, `lastname`, `email`, `password_hash`, `phone`, `is_deleted`) VALUES ('3', 'Zack', 'Rutherford', 'rkuphal@example.net', '811361b10d67680bd9f7087ee312f0c7213b806a', '48056085700', '0');
INSERT INTO `users` (`id`, `firstname`, `lastname`, `email`, `password_hash`, `phone`, `is_deleted`) VALUES ('4', 'Lulu', 'Corwin', 'eichmann.breanna@example.com', '7be55cf0041a4adcb545345ab77d1e1b87a97907', '64434483864', '0');
INSERT INTO `users` (`id`, `firstname`, `lastname`, `email`, `password_hash`, `phone`, `is_deleted`) VALUES ('5', 'Makenna', 'Casper', 'brown.hazel@example.org', 'e660ea1a2e0af70f8e76ede935f9d08782cafd9b', '78183127891', '1');
INSERT INTO `users` (`id`, `firstname`, `lastname`, `email`, `password_hash`, `phone`, `is_deleted`) VALUES ('6', 'Shawn', 'O\'Conner', 'maryjane.crooks@example.org', '88b04ffb3ea269bfe501edbe5d2df4b918fa3e9e', '19406374213', '1');
INSERT INTO `users` (`id`, `firstname`, `lastname`, `email`, `password_hash`, `phone`, `is_deleted`) VALUES ('7', 'Eulah', 'Beatty', 'mkirlin@example.net', '77561ee14fa77873bc01ac7e6bc541c52bef481c', '82838837336', '1');
INSERT INTO `users` (`id`, `firstname`, `lastname`, `email`, `password_hash`, `phone`, `is_deleted`) VALUES ('8', 'Creola', 'Eichmann', 'williamson.jan@example.org', 'da7af8de5ea9589e9b85f2feb7b5cf1b50a27b83', '43519041263', '0');
INSERT INTO `users` (`id`, `firstname`, `lastname`, `email`, `password_hash`, `phone`, `is_deleted`) VALUES ('9', 'Humberto', 'Reichert', 'therese.smith@example.com', '193f900c9a92377d02d2873a1402a7a8ec2f433c', '18703000242', '0');
INSERT INTO `users` (`id`, `firstname`, `lastname`, `email`, `password_hash`, `phone`, `is_deleted`) VALUES ('10', 'Liam', 'Strosin', 'douglas.nitzsche@example.net', 'a520a70cad2c0796a301629fbcdb5fd8c41f18dd', '62414962743', '0');
INSERT INTO `users` (`id`, `firstname`, `lastname`, `email`, `password_hash`, `phone`, `is_deleted`) VALUES ('11', 'Maryse', 'Collier', 'rodolfo34@example.com', 'affee4fed9dbc275af3e9aaa6adf9db6b9ae7c2c', '701885293', '0');
INSERT INTO `users` (`id`, `firstname`, `lastname`, `email`, `password_hash`, `phone`, `is_deleted`) VALUES ('12', 'Eulah', 'Maggio', 'bernhard.cordell@example.net', '287bac2a3aed1185687bb5aff520ffe7496afaba', '39184890620', '0');
INSERT INTO `users` (`id`, `firstname`, `lastname`, `email`, `password_hash`, `phone`, `is_deleted`) VALUES ('13', 'Elmer', 'Trantow', 'akozey@example.org', 'aa3d51eb05a494d403285dc5426ff03fa7f68c6e', '47375783650', '0');
INSERT INTO `users` (`id`, `firstname`, `lastname`, `email`, `password_hash`, `phone`, `is_deleted`) VALUES ('14', 'Ramona', 'Herzog', 'jaskolski.alicia@example.net', '91ca00b4f48f35f373f7d3a21683160bf5662140', '22723005122', '1');
INSERT INTO `users` (`id`, `firstname`, `lastname`, `email`, `password_hash`, `phone`, `is_deleted`) VALUES ('15', 'Jeramie', 'Hackett', 'justen.keebler@example.net', '35c6c11c35a3da10e956232eecb5ec46310adb9a', '77978493386', '0');
INSERT INTO `users` (`id`, `firstname`, `lastname`, `email`, `password_hash`, `phone`, `is_deleted`) VALUES ('16', 'Nova', 'Kunde', 'jgibson@example.com', '3f0183436380438f744aad769bd0549d3cff0dd0', '54536025465', '1');
INSERT INTO `users` (`id`, `firstname`, `lastname`, `email`, `password_hash`, `phone`, `is_deleted`) VALUES ('17', 'Camille', 'Cummerata', 'mireya.langworth@example.com', '2e193a8bc559b121f9d470311cb51d113b6b4f55', '44063183060', '1');
INSERT INTO `users` (`id`, `firstname`, `lastname`, `email`, `password_hash`, `phone`, `is_deleted`) VALUES ('18', 'Joyce', 'Nitzsche', 'conroy.dante@example.org', 'ae1c87f028833743663d8c5b27d9412705d6c089', '80100929526', '0');
INSERT INTO `users` (`id`, `firstname`, `lastname`, `email`, `password_hash`, `phone`, `is_deleted`) VALUES ('19', 'Henderson', 'Hermiston', 'fannie.williamson@example.org', '479f6d5ec9c21f903236a6faad9d38e399798387', '51392999864', '0');
INSERT INTO `users` (`id`, `firstname`, `lastname`, `email`, `password_hash`, `phone`, `is_deleted`) VALUES ('20', 'Destiney', 'Casper', 'opadberg@example.com', 'f6689928ce2efc5f9b56e239c5bd01256221df30', '25502561783', '1');
INSERT INTO `users` (`id`, `firstname`, `lastname`, `email`, `password_hash`, `phone`, `is_deleted`) VALUES ('21', 'Magali', 'Lockman', 'parisian.stella@example.net', 'c568ccaf7a9b4f38b6b3359a5d1774fa6d4ba203', '12959112691', '1');
INSERT INTO `users` (`id`, `firstname`, `lastname`, `email`, `password_hash`, `phone`, `is_deleted`) VALUES ('22', 'Donna', 'Douglas', 'quitzon.santos@example.org', '7f6d20ea44381f7438162d104aa96c6c67dfe639', '81189927207', '1');
INSERT INTO `users` (`id`, `firstname`, `lastname`, `email`, `password_hash`, `phone`, `is_deleted`) VALUES ('23', 'Brad', 'Tillman', 'lorena78@example.net', '87d67cc5760bb88ea2f85195ddeff3daa43bc9e1', '54822711831', '1');
INSERT INTO `users` (`id`, `firstname`, `lastname`, `email`, `password_hash`, `phone`, `is_deleted`) VALUES ('24', 'Marlon', 'Blanda', 'wisoky.arnold@example.com', '4d61cbbd3eae43a370a9c682c9d2ffbec31a3d33', '31041450398', '1');
INSERT INTO `users` (`id`, `firstname`, `lastname`, `email`, `password_hash`, `phone`, `is_deleted`) VALUES ('25', 'Ryan', 'Zemlak', 'fritsch.lenora@example.net', '36a8d11c3903f541a9a28159830eee2fc0ab55a2', '30002799585', '0');
INSERT INTO `users` (`id`, `firstname`, `lastname`, `email`, `password_hash`, `phone`, `is_deleted`) VALUES ('26', 'Pascale', 'Kunde', 'murphy.halvorson@example.com', '6c66a36cf8d1a3e0d7278f8be966cd3f631b0650', '42626373145', '1');
INSERT INTO `users` (`id`, `firstname`, `lastname`, `email`, `password_hash`, `phone`, `is_deleted`) VALUES ('27', 'Cielo', 'Maggio', 'brennon.considine@example.com', 'd85d7866c1e50a5e44914884ff67a98a0d048e64', '50917176215', '1');
INSERT INTO `users` (`id`, `firstname`, `lastname`, `email`, `password_hash`, `phone`, `is_deleted`) VALUES ('28', 'Gail', 'Prohaska', 'rachael.hudson@example.net', '18288f8396e8aaef5b8d9a03d5b8655b74549500', '34872573744', '1');
INSERT INTO `users` (`id`, `firstname`, `lastname`, `email`, `password_hash`, `phone`, `is_deleted`) VALUES ('29', 'Krystal', 'O\'Kon', 'pagac.hubert@example.org', '3dcedd943b47464ee32402e9a70054814537ab01', '45717074856', '0');
INSERT INTO `users` (`id`, `firstname`, `lastname`, `email`, `password_hash`, `phone`, `is_deleted`) VALUES ('30', 'Sheridan', 'Feil', 'xstokes@example.net', '118e93e2ad9318cf0cef4eedbabe72e0265ca137', '61244330722', '1');
INSERT INTO `users` (`id`, `firstname`, `lastname`, `email`, `password_hash`, `phone`, `is_deleted`) VALUES ('31', 'Baby', 'McKenzie', 'nquigley@example.com', '61cd7699716223a6597e679a595a93b7a76eb411', '84901651488', '1');
INSERT INTO `users` (`id`, `firstname`, `lastname`, `email`, `password_hash`, `phone`, `is_deleted`) VALUES ('32', 'Robert', 'Champlin', 'bode.dina@example.net', '386af5643def0ff18e1f973ccdce30f409b11e99', '36992032397', '1');
INSERT INTO `users` (`id`, `firstname`, `lastname`, `email`, `password_hash`, `phone`, `is_deleted`) VALUES ('33', 'Abe', 'Bernier', 'rodrigo.heaney@example.com', '061ced74c4d5e4ad258f79d15637b9f77ebcda75', '23651567475', '1');
INSERT INTO `users` (`id`, `firstname`, `lastname`, `email`, `password_hash`, `phone`, `is_deleted`) VALUES ('34', 'Vernon', 'Langosh', 'mcclure.annamarie@example.org', '6ea68f8de7e3c3181b0dab85d767c0b04090d92e', '18568248093', '0');
INSERT INTO `users` (`id`, `firstname`, `lastname`, `email`, `password_hash`, `phone`, `is_deleted`) VALUES ('35', 'Pasquale', 'Dibbert', 'adrain08@example.com', '28ec8a6b12bed495376b8e74a3563bc35ab46881', '7479758898', '0');
INSERT INTO `users` (`id`, `firstname`, `lastname`, `email`, `password_hash`, `phone`, `is_deleted`) VALUES ('36', 'Coleman', 'Kassulke', 'adelia56@example.net', 'bedc6fd5898a9343dcc944a907352415761503bb', '59805029320', '1');
INSERT INTO `users` (`id`, `firstname`, `lastname`, `email`, `password_hash`, `phone`, `is_deleted`) VALUES ('37', 'Jody', 'Huel', 'blanda.ruby@example.org', '2844924d32cd1292bd62244c8e662d0dd4ffc46f', '74385752859', '0');
INSERT INTO `users` (`id`, `firstname`, `lastname`, `email`, `password_hash`, `phone`, `is_deleted`) VALUES ('38', 'Dessie', 'Jerde', 'fkuhn@example.com', '181c247e7ee71f25db7a2b21240835ff0ee03392', '82022732682', '0');
INSERT INTO `users` (`id`, `firstname`, `lastname`, `email`, `password_hash`, `phone`, `is_deleted`) VALUES ('39', 'Theresa', 'Watsica', 'lhahn@example.org', '32ca50ceedb736b9560aac0a664072a0fd66dbbe', '53929369613', '1');
INSERT INTO `users` (`id`, `firstname`, `lastname`, `email`, `password_hash`, `phone`, `is_deleted`) VALUES ('40', 'Kristy', 'Bernhard', 'greg88@example.org', 'bf9e8d3f236bb2a27dd74bf3790a06e5daeaea5b', '79663204823', '1');
INSERT INTO `users` (`id`, `firstname`, `lastname`, `email`, `password_hash`, `phone`, `is_deleted`) VALUES ('41', 'Buford', 'Lehner', 'brekke.brandyn@example.com', 'ff76674e2681e44916cd00b9c50820cdbd7bd385', '7179412052', '0');
INSERT INTO `users` (`id`, `firstname`, `lastname`, `email`, `password_hash`, `phone`, `is_deleted`) VALUES ('42', 'Davon', 'Steuber', 'roosevelt27@example.net', '290ced22cf7c09208ea7be08231ba83f1e256d9d', '26897942813', '0');
INSERT INTO `users` (`id`, `firstname`, `lastname`, `email`, `password_hash`, `phone`, `is_deleted`) VALUES ('43', 'Clarissa', 'Emard', 'princess.lynch@example.net', 'e6abc974720d7314234d1f5afb515e1482d179f5', '12951568674', '1');
INSERT INTO `users` (`id`, `firstname`, `lastname`, `email`, `password_hash`, `phone`, `is_deleted`) VALUES ('44', 'Leo', 'Hettinger', 'eheathcote@example.com', '177398a4db336a6f577285ae64e0e58e9f036a51', '63164701038', '1');
INSERT INTO `users` (`id`, `firstname`, `lastname`, `email`, `password_hash`, `phone`, `is_deleted`) VALUES ('45', 'Quinten', 'Gerlach', 'theodora03@example.net', 'ec6484ab5c57fded9584a0c7b61ffeec75cb68f3', '61454438707', '1');
INSERT INTO `users` (`id`, `firstname`, `lastname`, `email`, `password_hash`, `phone`, `is_deleted`) VALUES ('46', 'Kyleigh', 'Kassulke', 'aleen.armstrong@example.com', 'e199076fecbea7b1a4db3d170ff0a1c716ac6689', '15032228602', '0');
INSERT INTO `users` (`id`, `firstname`, `lastname`, `email`, `password_hash`, `phone`, `is_deleted`) VALUES ('47', 'Margret', 'Pfannerstill', 'alysha78@example.org', '8d0ab3e7021a53975b5e8d4d96c65391fee0beb8', '39189575595', '1');
INSERT INTO `users` (`id`, `firstname`, `lastname`, `email`, `password_hash`, `phone`, `is_deleted`) VALUES ('48', 'Anabel', 'Bogisich', 'xschuppe@example.org', 'e44dd81d52ba4ef7233fe158a3262318a916edaa', '30072533372', '1');
INSERT INTO `users` (`id`, `firstname`, `lastname`, `email`, `password_hash`, `phone`, `is_deleted`) VALUES ('49', 'Yasmine', 'Bailey', 'enos.kuvalis@example.org', '0839ec6f7bacc7937c8b4b6638cff6d1ecf40af3', '47041082373', '0');
INSERT INTO `users` (`id`, `firstname`, `lastname`, `email`, `password_hash`, `phone`, `is_deleted`) VALUES ('50', 'Lonnie', 'Morissette', 'alivia46@example.net', 'de8aad195b70a5f89682925ddc18b0f40466801b', '60405236827', '0');
INSERT INTO `users` (`id`, `firstname`, `lastname`, `email`, `password_hash`, `phone`, `is_deleted`) VALUES ('51', 'Janessa', 'Nienow', 'helmer20@example.net', 'cb4257e7d9bc6bb2440c9d5d4a3bcca9d67a98d4', '9965924112', '1');
INSERT INTO `users` (`id`, `firstname`, `lastname`, `email`, `password_hash`, `phone`, `is_deleted`) VALUES ('52', 'Marion', 'D\'Amore', 'pzieme@example.com', 'adcb35cdc36c74e651b4fb541a56ab01bc3358b7', '26300381696', '0');
INSERT INTO `users` (`id`, `firstname`, `lastname`, `email`, `password_hash`, `phone`, `is_deleted`) VALUES ('53', 'Erich', 'Olson', 'kayley.terry@example.org', 'f853971ef2b46d6731e94fdf2959b1d248e32f06', '85894352723', '0');
INSERT INTO `users` (`id`, `firstname`, `lastname`, `email`, `password_hash`, `phone`, `is_deleted`) VALUES ('54', 'Enoch', 'Hyatt', 'rebecca71@example.net', 'bf08640082bbbd3e3a54b15d1ec3eddeeb610fea', '38960931320', '1');
INSERT INTO `users` (`id`, `firstname`, `lastname`, `email`, `password_hash`, `phone`, `is_deleted`) VALUES ('55', 'Dennis', 'Labadie', 'hhuels@example.org', '1673b34e8729cdb7e421ebd1a78e7d4af2db9981', '71842673665', '0');
INSERT INTO `users` (`id`, `firstname`, `lastname`, `email`, `password_hash`, `phone`, `is_deleted`) VALUES ('56', 'Alda', 'Schowalter', 'zoe47@example.org', '0565cf45232ccd5c7afb7f1f17174e34b4b4ec45', '22803889882', '0');
INSERT INTO `users` (`id`, `firstname`, `lastname`, `email`, `password_hash`, `phone`, `is_deleted`) VALUES ('57', 'Buddy', 'Walter', 'bterry@example.org', '541e1ce95f633612d6c32a0bead8f0c280a9e6b8', '9747634218', '1');
INSERT INTO `users` (`id`, `firstname`, `lastname`, `email`, `password_hash`, `phone`, `is_deleted`) VALUES ('58', 'Grayson', 'Larkin', 'hilll.rylee@example.net', 'b65af16a61168438c2782f9cdaa60729725e74a6', '4870993093', '0');
INSERT INTO `users` (`id`, `firstname`, `lastname`, `email`, `password_hash`, `phone`, `is_deleted`) VALUES ('59', 'Kacie', 'Kris', 'garnett04@example.net', 'e1b809ea38c7cc6091be7f405a00ee91adab62d4', '49675122281', '1');
INSERT INTO `users` (`id`, `firstname`, `lastname`, `email`, `password_hash`, `phone`, `is_deleted`) VALUES ('60', 'Erin', 'DuBuque', 'dhintz@example.org', 'c3690855d5e5daa038b068f82c7dc2ff5573ce2d', '163058534', '0');
INSERT INTO `users` (`id`, `firstname`, `lastname`, `email`, `password_hash`, `phone`, `is_deleted`) VALUES ('61', 'Karli', 'Ruecker', 'walsh.rosemarie@example.net', '46bb8d63d0a6c25f7da72c8779c64a9aa3867192', '86647725792', '0');
INSERT INTO `users` (`id`, `firstname`, `lastname`, `email`, `password_hash`, `phone`, `is_deleted`) VALUES ('62', 'Ike', 'Gerhold', 'lizeth.turner@example.net', 'dcd7733d620186473b6503c04a91d3c5c640bf52', '38707406996', '0');
INSERT INTO `users` (`id`, `firstname`, `lastname`, `email`, `password_hash`, `phone`, `is_deleted`) VALUES ('63', 'Rick', 'Will', 'bherman@example.net', '77f1d628d95072e69113d030ff45ae1b878e082e', '18628579871', '1');
INSERT INTO `users` (`id`, `firstname`, `lastname`, `email`, `password_hash`, `phone`, `is_deleted`) VALUES ('64', 'Jamir', 'Feest', 'adrain23@example.org', '151f7829c264eb30b07b3afd4b03a509af583c2b', '3677959198', '0');
INSERT INTO `users` (`id`, `firstname`, `lastname`, `email`, `password_hash`, `phone`, `is_deleted`) VALUES ('65', 'Sabina', 'Dietrich', 'jarrell.franecki@example.net', '4033ae0ad6fcc7c4465804da48e92c8ddacf7252', '53698696120', '1');
INSERT INTO `users` (`id`, `firstname`, `lastname`, `email`, `password_hash`, `phone`, `is_deleted`) VALUES ('66', 'Esteban', 'Roob', 'eldridge51@example.com', 'a22028d0d5b5ecf0b35b33ec81b51b5fabc90814', '73841332981', '0');
INSERT INTO `users` (`id`, `firstname`, `lastname`, `email`, `password_hash`, `phone`, `is_deleted`) VALUES ('67', 'Johnathan', 'Bednar', 'rowena38@example.com', 'f3d718364cff68ce53a0e44d8021c5b9be61256f', '70359178769', '0');
INSERT INTO `users` (`id`, `firstname`, `lastname`, `email`, `password_hash`, `phone`, `is_deleted`) VALUES ('68', 'Hallie', 'Dibbert', 'xschuppe@example.net', '26cd810b8359ce242c6ccc353d4a1d2c7d88aa07', '69497057857', '1');
INSERT INTO `users` (`id`, `firstname`, `lastname`, `email`, `password_hash`, `phone`, `is_deleted`) VALUES ('69', 'Fannie', 'Bernhard', 'troy24@example.net', '91b263cb9636f221ab07b965b67aba553388370c', '77545196376', '0');
INSERT INTO `users` (`id`, `firstname`, `lastname`, `email`, `password_hash`, `phone`, `is_deleted`) VALUES ('70', 'Giles', 'Stracke', 'damon57@example.net', '643d7fd82e50b1adc22cb9d25490ed3eda77588e', '88478235768', '0');
INSERT INTO `users` (`id`, `firstname`, `lastname`, `email`, `password_hash`, `phone`, `is_deleted`) VALUES ('71', 'Royce', 'Stroman', 'reichert.shayna@example.com', 'bec5237a13ce7f0e179d235c4ea31933fb5c41c5', '30866350397', '1');
INSERT INTO `users` (`id`, `firstname`, `lastname`, `email`, `password_hash`, `phone`, `is_deleted`) VALUES ('72', 'Bailee', 'Rowe', 'cleta.von@example.net', '05f5ed4452350674c86ce9e31620b20f9e0afa30', '67978121767', '1');
INSERT INTO `users` (`id`, `firstname`, `lastname`, `email`, `password_hash`, `phone`, `is_deleted`) VALUES ('73', 'Thea', 'Thompson', 'shanahan.lelia@example.org', '23e5b25d20d8066eee14326fe33af31bcb134d38', '76480322270', '1');
INSERT INTO `users` (`id`, `firstname`, `lastname`, `email`, `password_hash`, `phone`, `is_deleted`) VALUES ('74', 'Holly', 'Boyer', 'kailey.rosenbaum@example.org', '5776e090f5db2c5acd94fac151dd838bf2db0cfc', '21178849865', '1');
INSERT INTO `users` (`id`, `firstname`, `lastname`, `email`, `password_hash`, `phone`, `is_deleted`) VALUES ('75', 'Maryam', 'Lind', 'liliana.lehner@example.org', 'ce579dfc80ef5b887d4915006c099beb39e56dc0', '77824325699', '1');
INSERT INTO `users` (`id`, `firstname`, `lastname`, `email`, `password_hash`, `phone`, `is_deleted`) VALUES ('76', 'Jadon', 'Hahn', 'percival.rutherford@example.org', '5bf12985085534928de52e93ead4e0e3d0644840', '13308961360', '0');
INSERT INTO `users` (`id`, `firstname`, `lastname`, `email`, `password_hash`, `phone`, `is_deleted`) VALUES ('77', 'Westley', 'Bashirian', 'lpurdy@example.com', 'd668decde51ff5211531532b4118e413d5dc532e', '63153792253', '0');
INSERT INTO `users` (`id`, `firstname`, `lastname`, `email`, `password_hash`, `phone`, `is_deleted`) VALUES ('78', 'Vada', 'Huels', 'bertrand36@example.org', 'e76bb5dba5c0627f686f421a36cb5a5412bafa0a', '22561386722', '0');
INSERT INTO `users` (`id`, `firstname`, `lastname`, `email`, `password_hash`, `phone`, `is_deleted`) VALUES ('79', 'Amara', 'Corkery', 'alfredo.kiehn@example.com', '3703c167f096280f8a4491662df9271bbfc0d0b6', '78636732178', '0');
INSERT INTO `users` (`id`, `firstname`, `lastname`, `email`, `password_hash`, `phone`, `is_deleted`) VALUES ('80', 'Howard', 'Stanton', 'christiansen.shanel@example.com', '0a462af0d600b9269c19ec0baab1643869eaad29', '87208589828', '1');
INSERT INTO `users` (`id`, `firstname`, `lastname`, `email`, `password_hash`, `phone`, `is_deleted`) VALUES ('81', 'Kurtis', 'Stamm', 'osinski.kiara@example.org', '938a1322ad1773294d7503be8066cd398d15f843', '79482889090', '0');
INSERT INTO `users` (`id`, `firstname`, `lastname`, `email`, `password_hash`, `phone`, `is_deleted`) VALUES ('82', 'Casimer', 'Goodwin', 'cole.eliza@example.com', '010fdf7efb115c797834f74ba353c9eab33725fe', '8156395432', '1');
INSERT INTO `users` (`id`, `firstname`, `lastname`, `email`, `password_hash`, `phone`, `is_deleted`) VALUES ('83', 'Jada', 'Wyman', 'mallory.cole@example.org', '55c866938a87acd2374770a9e1934d55bd400671', '84750547569', '0');
INSERT INTO `users` (`id`, `firstname`, `lastname`, `email`, `password_hash`, `phone`, `is_deleted`) VALUES ('84', 'Gia', 'White', 'brekke.osvaldo@example.org', '2a3a12986bd64cad0c16c17b91185c9c18ce0b5b', '57590197088', '0');
INSERT INTO `users` (`id`, `firstname`, `lastname`, `email`, `password_hash`, `phone`, `is_deleted`) VALUES ('85', 'Zachery', 'Pagac', 'schaden.josefina@example.org', '20431fa5b386f6c0e3e2c3e72c9fd6b111256935', '21332389245', '1');
INSERT INTO `users` (`id`, `firstname`, `lastname`, `email`, `password_hash`, `phone`, `is_deleted`) VALUES ('86', 'Alvena', 'DuBuque', 'sandrine.stroman@example.org', 'edebe68cbc77ba2f9484aa8a2cbde3bd268597c2', '28866852926', '0');
INSERT INTO `users` (`id`, `firstname`, `lastname`, `email`, `password_hash`, `phone`, `is_deleted`) VALUES ('87', 'Francesco', 'Turcotte', 'giovani.bayer@example.org', '42b205e726806541763329754bb664f4d2a8af30', '32240134395', '0');
INSERT INTO `users` (`id`, `firstname`, `lastname`, `email`, `password_hash`, `phone`, `is_deleted`) VALUES ('88', 'Susana', 'Rodriguez', 'kianna24@example.net', '92c19d1de416ef370f64077bb401f1342afb0daf', '42644594122', '1');
INSERT INTO `users` (`id`, `firstname`, `lastname`, `email`, `password_hash`, `phone`, `is_deleted`) VALUES ('89', 'Nichole', 'Tromp', 'tfarrell@example.net', 'fed1f49807a52d99ca36ff940160da6d7984bcc5', '76873922089', '1');
INSERT INTO `users` (`id`, `firstname`, `lastname`, `email`, `password_hash`, `phone`, `is_deleted`) VALUES ('90', 'Kylee', 'Quitzon', 'kshlerin.gabe@example.com', '68cd0c40db422d6713bd562d5935cbd42a230810', '14252899681', '0');
INSERT INTO `users` (`id`, `firstname`, `lastname`, `email`, `password_hash`, `phone`, `is_deleted`) VALUES ('91', 'Damion', 'Parisian', 'cgutmann@example.com', '822df8e50acdd2119ff2915fdc5a2a9a16f5c340', '55420265256', '0');
INSERT INTO `users` (`id`, `firstname`, `lastname`, `email`, `password_hash`, `phone`, `is_deleted`) VALUES ('92', 'Ulises', 'Marks', 'octavia.kunze@example.com', '76d5c66452f06e3a679e37356665e7a8f5e666dd', '34791141896', '0');
INSERT INTO `users` (`id`, `firstname`, `lastname`, `email`, `password_hash`, `phone`, `is_deleted`) VALUES ('93', 'Alvis', 'Strosin', 'alvina04@example.org', '9a5f40b77bf3564ffffafe28230bab6799ea4479', '20581757883', '1');
INSERT INTO `users` (`id`, `firstname`, `lastname`, `email`, `password_hash`, `phone`, `is_deleted`) VALUES ('94', 'Gregg', 'Waelchi', 'gerard91@example.org', 'f055c8ca01c9d9ded6c71742de3344b3fcbcf615', '37162859376', '1');
INSERT INTO `users` (`id`, `firstname`, `lastname`, `email`, `password_hash`, `phone`, `is_deleted`) VALUES ('95', 'Cleve', 'Abernathy', 'zetta.dibbert@example.org', 'd9657163679c72329d258374ba37580feb4ceb6d', '28649228040', '1');
INSERT INTO `users` (`id`, `firstname`, `lastname`, `email`, `password_hash`, `phone`, `is_deleted`) VALUES ('96', 'Sarah', 'Wilkinson', 'zieme.esmeralda@example.net', '477a4b2a27690824d7e99a13218735e6000fcffb', '57341584401', '1');
INSERT INTO `users` (`id`, `firstname`, `lastname`, `email`, `password_hash`, `phone`, `is_deleted`) VALUES ('97', 'Berry', 'Gerlach', 'daisha.mayer@example.net', '6d7eab5f2469cdd75de6af08c5277567a6b162e4', '63384404362', '0');
INSERT INTO `users` (`id`, `firstname`, `lastname`, `email`, `password_hash`, `phone`, `is_deleted`) VALUES ('98', 'Lavina', 'Welch', 'emmerich.carroll@example.org', '6e45d5d3827866eb859aa364a19c4a6e13ed24e7', '3459358627', '0');
INSERT INTO `users` (`id`, `firstname`, `lastname`, `email`, `password_hash`, `phone`, `is_deleted`) VALUES ('99', 'Nathen', 'Von', 'frederik97@example.net', '948df77cf14f2bff00facb8ab5cf34c5fdc15e2f', '25681693832', '1');
INSERT INTO `users` (`id`, `firstname`, `lastname`, `email`, `password_hash`, `phone`, `is_deleted`) VALUES ('100', 'Claudie', 'Pagac', 'effertz.dan@example.net', 'c916cb6ec5e4fdf9f58d3336091e2661aa9182cb', '10107237305', '1');


